Symbol,Date,Open,High,Low,Close,AdjClose,Volume
TSLA,2018-01-24,354.58,354.75,343.52,345.89,23.0593333333,5251654
TSLA,2018-01-25,348.27,349.2,336.4,337.64,22.5093333333,6640964
TSLA,2018-01-26,341.5,344.0,335.71,342.85,22.8566666667,4515013
TSLA,2018-01-29,339.85,350.85,338.28,349.53,23.302,4722025
TSLA,2018-01-30,345.14,348.27,342.17,345.82,23.0546666667,4696465
TSLA,2018-01-31,347.51,356.19,345.19,354.31,23.6206666667,6076998
TSLA,2018-02-01,351.0,359.66,348.63,349.25,23.2833333333,4163194
TSLA,2018-02-02,348.44,351.95,340.51,343.75,22.9166666667,3674909
TSLA,2018-02-05,337.97,344.47,333.0,333.13,22.2086666667,4053777
TSLA,2018-02-06,325.21,336.22,323.5,333.97,22.2646666667,4937928
TSLA,2018-02-07,338.99,346.0,335.66,345.0,23.0,5846823
TSLA,2018-02-08,343.31,348.62,314.6,315.23,21.0153333333,9996464
TSLA,2018-02-09,319.93,320.98,294.76,310.42,20.6946666667,12795099
TSLA,2018-02-12,316.13,318.08,306.25,315.73,21.0486666667,6166161
TSLA,2018-02-13,315.02,324.19,312.51,323.66,21.5773333333,4506915
TSLA,2018-02-14,320.84,326.17,318.52,322.31,21.4873333333,3930911
TSLA,2018-02-15,324.5,334.12,322.4,334.07,22.2713333333,5892048
TSLA,2018-02-16,332.5,343.12,331.64,335.49,22.366,5585810
TSLA,2018-02-20,334.47,340.84,331.5,334.77,22.318,3996951
TSLA,2018-02-21,336.03,339.69,333.17,333.3,22.22,3181755
TSLA,2018-02-22,335.53,347.44,334.75,346.17,23.078,6940349
TSLA,2018-02-23,347.83,354.99,347.1,352.05,23.47,5790795
TSLA,2018-02-26,353.5,359.0,352.36,357.42,23.828,4312871
TSLA,2018-02-27,356.25,359.99,350.01,350.99,23.3993333333,4761537
TSLA,2018-02-28,352.57,355.24,342.22,343.06,22.8706666667,6042895
TSLA,2018-03-01,345.01,348.67,330.07,330.93,22.062,6885601
TSLA,2018-03-02,326.98,335.22,322.97,335.12,22.3413333333,5092829
TSLA,2018-03-05,332.39,337.75,329.29,333.35,22.2233333333,3823769
TSLA,2018-03-06,333.75,336.37,327.03,328.2,21.88,4285744
TSLA,2018-03-07,325.44,332.5,321.74,332.3,22.1533333333,5007297
TSLA,2018-03-08,332.86,333.3,326.27,329.1,21.94,3476944
TSLA,2018-03-09,324.1,328.49,322.37,327.17,21.8113333333,5479716
TSLA,2018-03-12,328.61,347.21,326.5,345.51,23.034,8212156
TSLA,2018-03-13,328.61,347.21,326.5,341.84,22.7893333333,5932110
TSLA,2018-03-14,336.76,339.81,323.93,326.63,21.7753333333,7932511
TSLA,2018-03-15,329.38,332.85,321.1,325.6,21.7066666667,6366922
TSLA,2018-03-16,322.93,327.4,319.07,321.35,21.4233333333,6058612
TSLA,2018-03-19,316.5,320.75,309.67,313.56,20.904,7440766
TSLA,2018-03-20,314.87,316.25,308.76,310.55,20.7033333333,4726182
TSLA,2018-03-21,310.25,322.44,310.19,316.53,21.102,5927881
TSLA,2018-03-22,313.89,318.82,308.18,309.1,20.6066666667,4914307
TSLA,2018-03-23,311.25,311.25,300.45,301.54,20.1026666667,6600538
TSLA,2018-03-26,307.34,307.59,291.36,304.18,20.2786666667,8324639
TSLA,2018-03-27,304.0,304.27,277.18,279.18,18.612,13696168
TSLA,2018-03-28,264.58,268.68,252.1,257.78,17.1853333333,21001437
TSLA,2018-03-29,256.49,270.96,248.21,266.13,17.742,15170749
TSLA,2018-04-02,256.26,260.33,244.59,252.48,16.832,16113968
TSLA,2018-04-03,269.82,273.35,254.49,267.53,17.8353333333,18844384
TSLA,2018-04-04,252.78,288.37,252.0,286.94,19.1293333333,19896746
TSLA,2018-04-05,289.34,306.26,288.2,305.72,20.3813333333,19121101
TSLA,2018-04-06,301.0,309.28,295.5,299.3,19.9533333333,13520286
TSLA,2018-04-09,300.37,309.5,289.21,289.66,19.3106666667,10249805
TSLA,2018-04-10,298.97,307.1,293.68,304.7,20.3133333333,11024259
TSLA,2018-04-11,300.74,308.98,299.66,300.93,20.062,7482945
TSLA,2018-04-12,302.32,303.95,293.68,294.08,19.6053333333,7608769
TSLA,2018-04-13,303.6,303.95,295.98,300.34,20.0226666667,7327223
TSLA,2018-04-16,299.0,299.66,289.01,291.21,19.414,6338488
TSLA,2018-04-17,288.87,292.17,282.51,287.69,19.1793333333,7000023
TSLA,2018-04-18,291.08,300.24,288.16,293.35,19.5566666667,6557700
TSLA,2018-04-19,291.08,301.01,288.55,300.08,20.0053333333,6090599
TSLA,2018-04-20,295.17,299.98,289.75,290.24,19.3493333333,5627928
TSLA,2018-04-23,291.29,291.62,282.33,283.37,18.8913333333,4893378
TSLA,2018-04-24,285.0,287.09,278.46,283.46,18.8973333333,5685308
TSLA,2018-04-25,283.5,285.16,277.25,280.69,18.7126666667,4013574
TSLA,2018-04-26,278.75,285.79,276.5,285.48,19.032,4356013
TSLA,2018-04-27,285.37,294.47,283.83,294.08,19.6053333333,4364626
TSLA,2018-04-30,293.61,298.73,292.5,293.9,19.5933333333,4228172
TSLA,2018-05-01,293.51,300.82,293.22,299.92,19.9946666667,4625603
TSLA,2018-05-02,298.57,306.85,297.78,301.15,20.0766666667,8970370
TSLA,2018-05-03,278.79,288.04,275.23,284.45,18.9633333333,17352130
TSLA,2018-05-04,283.0,296.86,279.52,294.09,19.606,8569354
TSLA,2018-05-07,297.5,305.96,295.17,302.77,20.1846666667,8678224
TSLA,2018-05-08,300.8,307.75,299.0,301.97,20.1313333333,5930000
TSLA,2018-05-09,300.41,307.01,300.05,306.85,20.4566666667,5727365
TSLA,2018-05-10,307.5,312.99,304.11,305.02,20.3346666667,5651561
TSLA,2018-05-11,307.7,308.88,299.08,301.06,20.0706666667,4679649
TSLA,2018-05-14,303.32,304.94,291.62,291.97,19.4646666667,7286804
TSLA,2018-05-15,285.01,286.96,280.5,284.18,18.9453333333,9519173
TSLA,2018-05-16,283.83,288.81,281.56,286.48,19.0986666667,5674019
TSLA,2018-05-17,285.9,289.19,283.97,284.54,18.9693333333,4420612
TSLA,2018-05-18,284.65,284.65,274.0,276.82,18.4546666667,7251887
TSLA,2018-05-21,281.33,291.49,281.3,284.49,18.966,9182571
TSLA,2018-05-22,287.76,288.0,273.42,275.01,18.334,8945756
TSLA,2018-05-23,277.76,279.91,274.0,279.07,18.6046666667,5985053
TSLA,2018-05-24,278.4,281.11,274.89,277.85,18.5233333333,4176708
TSLA,2018-05-25,277.63,279.64,275.61,278.85,18.59,3875082
TSLA,2018-05-29,278.51,286.5,276.15,283.76,18.9173333333,5666640
TSLA,2018-05-30,283.29,295.01,281.6,291.72,19.448,7489686
TSLA,2018-05-31,287.21,290.37,282.93,284.73,18.982,5919721
TSLA,2018-06-01,285.86,291.95,283.84,291.82,19.4546666667,5424386
TSLA,2018-06-04,294.34,299.0,293.55,296.74,19.7826666667,4797810
TSLA,2018-06-05,297.7,297.8,286.74,291.13,19.4086666667,5995157
TSLA,2018-06-06,300.5,322.17,297.48,319.5,21.3,18767269
TSLA,2018-06-07,316.15,330.0,313.58,316.09,21.0726666667,14345271
TSLA,2018-06-08,319.0,324.48,317.15,317.66,21.1773333333,8205202
TSLA,2018-06-11,322.51,334.66,322.5,332.1,22.14,13183473
TSLA,2018-06-12,344.7,354.97,338.0,342.77,22.8513333333,22347403
TSLA,2018-06-13,346.71,347.2,339.8,344.78,22.9853333333,9469804
TSLA,2018-06-14,347.63,358.75,346.6,357.72,23.848,10981023
TSLA,2018-06-15,353.84,364.67,351.25,358.17,23.878,10848254
TSLA,2018-06-18,355.4,373.73,354.5,370.83,24.722,12073226
TSLA,2018-06-19,365.16,370.0,346.25,352.55,23.5033333333,12761903
TSLA,2018-06-20,358.04,364.38,352.0,362.22,24.148,8383656
TSLA,2018-06-21,362.0,366.21,346.27,347.51,23.1673333333,7967145
TSLA,2018-06-22,351.54,352.25,332.0,333.63,22.242,10266059
TSLA,2018-06-25,330.12,338.47,327.5,333.01,22.2006666667,6931304
TSLA,2018-06-26,336.05,343.55,325.8,342.0,22.8,7452487
TSLA,2018-06-27,345.0,350.79,339.5,344.5,22.9666666667,8333727
TSLA,2018-06-28,348.66,357.02,346.11,349.93,23.3286666667,8398005
TSLA,2018-06-29,353.33,353.86,342.41,342.95,22.8633333333,6492396
TSLA,2018-07-02,360.07,364.78,329.85,335.07,22.338,18759765
TSLA,2018-07-03,331.75,332.49,309.69,310.86,20.724,12282638
TSLA,2018-07-05,313.76,314.39,296.22,309.16,20.6106666667,17476374
TSLA,2018-07-06,304.95,312.07,302.0,308.9,20.5933333333,8865451
TSLA,2018-07-09,311.99,318.52,308.0,318.51,21.234,7596753
TSLA,2018-07-10,324.56,327.68,319.2,322.47,21.498,9471498
TSLA,2018-07-11,315.8,321.94,315.07,318.96,21.264,4884076
TSLA,2018-07-12,321.43,323.23,312.77,316.71,21.114,5721166
TSLA,2018-07-13,315.58,319.58,309.25,318.87,21.258,5875770
TSLA,2018-07-16,311.71,315.16,306.25,310.1,20.6733333333,7818655
TSLA,2018-07-17,308.81,324.74,308.5,322.69,21.5126666667,6996232
TSLA,2018-07-18,325.0,325.5,316.25,323.85,21.59,5624211
TSLA,2018-07-19,316.33,323.54,314.01,320.23,21.3486666667,5915345
TSLA,2018-07-20,321.23,323.24,311.71,313.58,20.9053333333,5166547
TSLA,2018-07-23,301.84,305.5,292.86,303.2,20.2133333333,10992947
TSLA,2018-07-24,304.42,307.72,292.55,297.43,19.8286666667,9590784
TSLA,2018-07-25,296.74,309.62,294.5,308.74,20.5826666667,7094180
TSLA,2018-07-26,304.85,310.7,303.64,306.65,20.4433333333,4630522
TSLA,2018-07-27,307.25,307.69,295.34,297.18,19.812,5703326
TSLA,2018-07-30,295.9,296.1,286.13,290.17,19.3446666667,6814072
TSLA,2018-07-31,292.25,298.32,289.07,298.14,19.876,5076916
TSLA,2018-08-01,297.99,303.0,293.0,300.84,20.056,10129430
TSLA,2018-08-02,328.44,349.99,323.16,349.54,23.3026666667,23214962
TSLA,2018-08-03,347.81,355.0,342.53,348.17,23.2113333333,13656486
TSLA,2018-08-06,345.46,354.98,341.82,341.99,22.7993333333,8564331
TSLA,2018-08-07,343.84,387.46,339.15,379.57,25.3046666667,30875768
TSLA,2018-08-08,369.09,382.64,367.12,370.34,24.6893333333,24571163
TSLA,2018-08-09,365.55,367.01,345.73,352.45,23.4966666667,17183811
TSLA,2018-08-10,354.0,360.0,346.0,355.49,23.6993333333,11552044
TSLA,2018-08-13,361.13,363.19,349.02,356.41,23.7606666667,10463881
TSLA,2018-08-14,358.45,359.2,347.1,347.64,23.176,6986427
TSLA,2018-08-15,341.91,344.49,332.14,338.69,22.5793333333,9101258
TSLA,2018-08-16,339.91,342.28,333.82,335.45,22.3633333333,6064033
TSLA,2018-08-17,323.5,326.77,303.53,305.5,20.3666666667,18958612
TSLA,2018-08-20,291.7,308.5,288.2,308.44,20.5626666667,17402335
TSLA,2018-08-21,310.61,324.79,309.0,321.9,21.46,13172230
TSLA,2018-08-22,320.87,323.88,314.67,321.64,21.4426666667,5945955
TSLA,2018-08-23,319.14,327.32,318.1,320.1,21.34,5147286
TSLA,2018-08-24,320.7,323.85,319.4,322.82,21.5213333333,3602564
TSLA,2018-08-27,318.0,322.44,308.81,319.27,21.2846666667,13079288
TSLA,2018-08-28,318.41,318.88,311.19,311.86,20.7906666667,7649091
TSLA,2018-08-29,310.27,311.85,303.69,305.01,20.334,7447392
TSLA,2018-08-30,302.26,304.6,297.72,303.15,20.21,7216706
TSLA,2018-08-31,302.0,305.31,298.6,301.66,20.1106666667,5375104
TSLA,2018-09-04,296.94,298.19,288.0,288.95,19.2633333333,8350469
TSLA,2018-09-05,285.05,286.78,277.18,280.74,18.716,7720821
TSLA,2018-09-06,284.8,291.17,278.88,280.95,18.73,7480760
TSLA,2018-09-07,260.1,268.35,252.25,263.24,17.5493333333,22491931
TSLA,2018-09-10,273.26,286.03,271.0,285.5,19.0333333333,14283528
TSLA,2018-09-11,279.47,282.0,273.55,279.44,18.6293333333,9169989
TSLA,2018-09-12,281.44,292.5,278.65,290.54,19.3693333333,10015427
TSLA,2018-09-13,288.02,295.0,285.18,289.46,19.2973333333,6340336
TSLA,2018-09-14,288.76,297.33,286.52,295.2,19.68,6765612
TSLA,2018-09-17,290.04,300.87,288.13,294.84,19.656,6887577
TSLA,2018-09-18,296.69,302.64,275.5,284.96,18.9973333333,16547522
TSLA,2018-09-19,280.51,300.0,280.5,299.02,19.9346666667,8294917
TSLA,2018-09-20,303.56,305.98,293.33,298.33,19.8886666667,7349422
TSLA,2018-09-21,297.7,300.58,295.37,299.1,19.94,5050478
TSLA,2018-09-24,298.48,303.0,293.58,299.68,19.9786666667,4842961
TSLA,2018-09-25,300.0,304.6,296.5,300.99,20.066,4481729
TSLA,2018-09-26,301.91,313.89,301.11,309.58,20.6386666667,7843216
TSLA,2018-09-27,312.9,314.96,306.91,307.52,20.5013333333,8509084
TSLA,2018-09-28,270.26,278.0,260.56,264.77,17.6513333333,33649700
TSLA,2018-10-01,305.77,311.44,301.05,310.7,20.7133333333,21777597
TSLA,2018-10-02,313.95,316.84,299.15,301.02,20.068,11743511
TSLA,2018-10-03,303.33,304.6,291.57,294.8,19.6533333333,7994988
TSLA,2018-10-04,293.95,294.0,277.67,281.83,18.7886666667,9814212
TSLA,2018-10-05,274.65,274.88,260.0,261.95,17.4633333333,17944537
TSLA,2018-10-08,264.52,267.76,249.0,250.56,16.704,13472653
TSLA,2018-10-09,255.25,266.77,253.3,262.8,17.52,12060574
TSLA,2018-10-10,264.61,265.51,247.77,256.88,17.1253333333,12815278
TSLA,2018-10-11,257.53,262.25,249.03,252.23,16.8153333333,8167738
TSLA,2018-10-12,261.0,261.99,252.01,258.78,17.252,7201404
TSLA,2018-10-15,259.06,263.28,254.54,259.59,17.306,6199965
TSLA,2018-10-16,265.7,277.38,262.24,276.59,18.4393333333,9526401
TSLA,2018-10-17,282.4,282.7,265.8,271.78,18.1186666667,8655542
TSLA,2018-10-18,269.29,271.0,263.0,263.91,17.594,5421184
TSLA,2018-10-19,267.39,269.66,253.5,260.0,17.3333333333,9375549
TSLA,2018-10-22,260.68,261.86,252.59,260.95,17.3966666667,5600260
TSLA,2018-10-23,263.87,297.93,262.1,294.14,19.6093333333,19027753
TSLA,2018-10-24,301.05,304.44,285.73,288.5,19.2333333333,20058258
TSLA,2018-10-25,317.22,321.0,301.01,314.86,20.9906666667,20840724
TSLA,2018-10-26,308.25,339.9,306.65,330.9,22.06,27425520
TSLA,2018-10-29,337.47,347.16,326.5,334.85,22.3233333333,14486027
TSLA,2018-10-30,328.39,337.9,322.26,329.9,21.9933333333,9126704
TSLA,2018-10-31,332.54,342.0,329.1,337.32,22.488,7624348
TSLA,2018-11-01,338.26,347.84,334.73,344.28,22.952,8000132
TSLA,2018-11-02,343.74,349.2,340.91,346.41,23.094,7807971
TSLA,2018-11-05,340.5,343.96,330.14,341.4,22.76,7831048
TSLA,2018-11-06,339.07,348.8,336.09,341.06,22.7373333333,6762889
TSLA,2018-11-07,343.34,351.18,340.8,348.16,23.2106666667,7374522
TSLA,2018-11-08,348.5,357.58,348.44,351.4,23.4266666667,7090674
TSLA,2018-11-09,349.0,354.0,345.23,350.51,23.3673333333,5098846
TSLA,2018-11-12,348.37,349.78,330.34,331.28,22.0853333333,6941523
TSLA,2018-11-13,333.16,344.7,332.2,338.73,22.582,5448597
TSLA,2018-11-14,342.7,347.11,337.15,344.0,22.9333333333,5040287
TSLA,2018-11-15,342.33,348.58,339.04,348.44,23.2293333333,4625719
TSLA,2018-11-16,345.19,355.7,345.12,354.31,23.6206666667,7206191
TSLA,2018-11-19,356.34,366.75,352.88,353.47,23.5646666667,9708871
TSLA,2018-11-20,341.75,349.8,333.55,347.49,23.166,8004709
TSLA,2018-11-21,352.0,353.1,337.4,338.19,22.546,4686808
TSLA,2018-11-23,334.345,337.5,325.55,325.83,21.722,4202642
TSLA,2018-11-26,325.0,346.22,325.0,346.0,23.0666666667,7992141
TSLA,2018-11-27,340.05,346.96,335.5,343.92,22.928,6358300
TSLA,2018-11-28,345.99,348.28,342.21,347.87,23.1913333333,4127578
TSLA,2018-11-29,347.0,347.5,339.55,341.17,22.7446666667,3080724
TSLA,2018-11-30,341.83,351.6,338.26,350.48,23.3653333333,5628895
TSLA,2018-12-03,360.0,366.0,352.0,358.49,23.8993333333,8306511
TSLA,2018-12-04,356.05,368.68,352.0,359.7,23.98,8461945
TSLA,2018-12-06,356.01,367.38,350.76,363.06,24.204,7842508
TSLA,2018-12-07,369.0,379.49,357.65,357.97,23.8646666667,11511177
TSLA,2018-12-10,360.0,365.98,353.12,365.15,24.3433333333,6613455
TSLA,2018-12-11,369.91,372.17,360.23,366.76,24.4506666667,6308769
TSLA,2018-12-12,369.42,371.91,365.16,366.6,24.44,5027048
TSLA,2018-12-13,370.15,377.44,366.75,376.79,25.1193333333,7365854
TSLA,2018-12-14,375.0,377.87,364.33,365.71,24.3806666667,6337555
TSLA,2018-12-17,362.0,365.7,343.88,348.42,23.228,7674008
TSLA,2018-12-18,350.54,351.55,333.69,337.03,22.4686666667,7099999
TSLA,2018-12-19,337.6,347.01,329.74,332.97,22.198,8274181
TSLA,2018-12-20,327.05,330.29,311.87,315.38,21.0253333333,9071858
TSLA,2018-12-21,317.4,323.47,312.44,319.77,21.318,8016801
TSLA,2018-12-24,313.5,314.5,295.2,295.39,19.6926666667,5559913
TSLA,2018-12-26,300.0,326.97,294.09,326.09,21.7393333333,8163138
TSLA,2018-12-27,319.84,322.17,301.5,316.13,21.0753333333,8575133
TSLA,2018-12-28,323.1,336.24,318.41,333.87,22.258,9938992
TSLA,2018-12-31,337.79,339.21,325.26,332.8,22.1866666667,6302338
TSLA,2019-01-02,306.1,315.13,298.8,310.12,20.6746666667,11658648
TSLA,2019-01-03,307.0,309.4,297.38,300.36,20.024,6965184
TSLA,2019-01-04,306.0,318.0,302.73,317.69,21.1793333333,7394116
TSLA,2019-01-07,321.72,336.74,317.75,334.96,22.3306666667,7551225
TSLA,2019-01-08,341.96,344.01,327.02,335.35,22.3566666667,7008516
TSLA,2019-01-09,335.5,343.5,331.47,338.53,22.5686666667,5432945
TSLA,2019-01-10,334.4,345.39,331.79,344.97,22.998,6056354
TSLA,2019-01-11,342.09,348.41,338.77,347.26,23.1506666667,5039052
TSLA,2019-01-14,342.38,342.5,334.0,334.4,22.2933333333,5247284
TSLA,2019-01-15,335.0,348.8,334.5,344.43,22.962,6056590
TSLA,2019-01-16,344.78,352.0,343.5,346.05,23.07,4691739
TSLA,2019-01-17,346.21,351.5,344.15,347.31,23.154,3676733
TSLA,2019-01-18,323.0,327.13,299.73,302.26,20.1506666667,24150763
TSLA,2019-01-22,304.82,308.0,295.5,298.92,19.928,12066741
TSLA,2019-01-23,292.5,294.5,281.69,287.59,19.1726666667,12529993
TSLA,2019-01-24,283.03,293.68,279.28,291.51,19.434,8012155
TSLA,2019-01-25,294.39,298.52,289.55,297.04,19.8026666667,7258078
TSLA,2019-01-28,292.91,297.46,287.75,296.38,19.7586666667,6423279
TSLA,2019-01-29,295.27,298.56,291.8,297.46,19.8306666667,4621692
TSLA,2019-01-30,300.45,309.0,298.49,308.77,20.5846666667,11250318
TSLA,2019-01-31,301.0,311.56,294.0,307.02,20.468,12569245
TSLA,2019-02-01,305.42,316.1,303.5,312.21,20.814,7283441
TSLA,2019-02-04,312.98,315.3,301.88,312.89,20.8593333333,7352082
TSLA,2019-02-05,312.49,322.44,312.25,321.35,21.4233333333,6742765
TSLA,2019-02-06,319.59,324.24,315.62,317.22,21.148,5038546
TSLA,2019-02-07,313.3,314.7,303.0,307.51,20.5006666667,6520611
TSLA,2019-02-08,306.83,307.45,298.5,305.8,20.3866666667,5844212
TSLA,2019-02-11,311.6,318.6,310.5,312.84,20.856,7129713
TSLA,2019-02-12,316.2,318.19,309.62,311.81,20.7873333333,5517570
TSLA,2019-02-13,312.35,312.75,305.57,308.17,20.5446666667,5141617
TSLA,2019-02-14,303.38,306.77,301.0,303.77,20.2513333333,5200832
TSLA,2019-02-15,304.5,308.0,303.9,307.88,20.5253333333,3904947
TSLA,2019-02-19,306.56,311.54,305.47,305.64,20.376,4168443
TSLA,2019-02-20,304.41,306.3,299.0,302.56,20.1706666667,7142117
TSLA,2019-02-21,301.81,303.2399,290.5,291.23,19.4153333333,8909182
TSLA,2019-02-22,294.49,296.5,292.1,294.71,19.6473333333,5740558
TSLA,2019-02-25,297.91,302.9,297.0,298.77,19.918,6626522
TSLA,2019-02-26,292.22,302.01,288.77,297.86,19.8573333333,8582535
TSLA,2019-02-27,301.78,316.3,300.55,314.74,20.9826666667,11183908
TSLA,2019-02-28,318.92,320.0,310.81,319.88,21.3253333333,10520653
TSLA,2019-03-01,306.94,307.13,291.9,294.79,19.6526666667,22911375
TSLA,2019-03-04,298.12,299.0,282.78,285.36,19.024,17096818
TSLA,2019-03-05,282.0,284.0,270.1,276.54,18.436,18764740
TSLA,2019-03-06,276.48,281.51,274.39,276.24,18.416,10335485
TSLA,2019-03-07,278.84,284.7,274.25,276.59,18.4393333333,9442483
TSLA,2019-03-08,276.91,285.59,275.89,284.14,18.9426666667,8819625
TSLA,2019-03-11,283.52,291.28,280.5,290.92,19.3946666667,7392278
TSLA,2019-03-12,286.49,288.07,281.06,283.36,18.8906666667,7504137
TSLA,2019-03-13,283.9,291.99,282.7,288.96,19.264,6844719
TSLA,2019-03-14,292.45,295.39,288.29,289.96,19.3306666667,7103447
TSLA,2019-03-15,283.51,283.72,274.4,275.43,18.362,14785531
TSLA,2019-03-18,276.0,278.05,267.3,269.49,17.966,10280980
TSLA,2019-03-19,267.5,273.3,263.46,267.47,17.8313333333,11800630
TSLA,2019-03-20,269.69,274.97,266.3,273.6,18.24,6908224
TSLA,2019-03-21,272.6,276.45,268.45,274.02,18.268,5947098
TSLA,2019-03-22,272.58,272.8,264.0,264.53,17.6353333333,8745609
TSLA,2019-03-25,259.71,263.18,254.46,260.42,17.3613333333,10215029
TSLA,2019-03-26,264.44,270.26,264.43,267.77,17.8513333333,7350948
TSLA,2019-03-27,268.75,275.37,268.18,274.83,18.322,8779166
TSLA,2019-03-28,277.16,280.33,275.1,278.62,18.5746666667,6774093
TSLA,2019-03-29,278.7,280.16,274.5,279.86,18.6573333333,5991338
TSLA,2019-04-01,282.62,289.2,281.28,289.18,19.2786666667,8110439
TSLA,2019-04-02,288.3,289.44,283.88,285.88,19.0586666667,5478940
TSLA,2019-04-03,287.32,296.17,287.17,291.81,19.454,7929864
TSLA,2019-04-04,261.89,271.2,260.59,267.78,17.852,23720729
TSLA,2019-04-05,269.86,276.1,266.11,274.96,18.3306666667,13038257
TSLA,2019-04-08,277.69,281.16,270.44,273.2,18.2133333333,10410436
TSLA,2019-04-09,271.65,275.0,269.61,272.31,18.154,5904031
TSLA,2019-04-10,276.74,278.38,272.89,276.06,18.404,7061314
TSLA,2019-04-11,268.3,270.5,265.6,268.42,17.8946666667,9835927
TSLA,2019-04-12,270.22,271.95,266.83,267.7,17.8466666667,6745974
TSLA,2019-04-15,268.63,268.88,258.63,266.38,17.7586666667,10038579
TSLA,2019-04-16,265.75,275.0,264.72,273.36,18.224,7272930
TSLA,2019-04-17,274.75,274.79,268.54,271.23,18.082,5126468
TSLA,2019-04-18,271.23,274.84,269.75,273.26,18.2173333333,5876325
TSLA,2019-04-22,269.0,269.68,262.48,262.75,17.5166666667,12147141
TSLA,2019-04-23,260.15,265.6,255.75,263.9,17.5933333333,10943859
TSLA,2019-04-24,263.85,265.32,258.0,258.66,17.244,10727454
TSLA,2019-04-25,255.0,259.0,246.07,247.63,16.5086666667,21849393
TSLA,2019-04-26,246.5,246.68,231.13,235.14,15.676,22360709
TSLA,2019-04-29,235.86,243.98,232.17,241.47,16.098,16714476
TSLA,2019-04-30,242.06,244.21,237.0,238.69,15.9126666667,9464628
TSLA,2019-05-01,238.85,240.0,231.5,234.01,15.6006666667,10704354
TSLA,2019-05-02,245.52,247.13,237.72,244.1,16.2733333333,18159339
TSLA,2019-05-03,243.86,256.61,243.49,255.03,17.002,23706771
TSLA,2019-05-06,250.02,258.35,248.5,255.34,17.0226666667,10833943
TSLA,2019-05-07,256.8,257.21,245.1,247.06,16.4706666667,10131408
TSLA,2019-05-08,246.94,250.6,244.2,244.84,16.3226666667,6176440
TSLA,2019-05-09,242.0,243.68,236.94,241.98,16.132,6711382
TSLA,2019-05-10,239.75,241.99,236.02,239.52,15.968,7008336
TSLA,2019-05-13,232.01,232.47,224.5,227.01,15.134,10834796
TSLA,2019-05-14,229.3,234.5,228.0,232.31,15.4873333333,7252412
TSLA,2019-05-15,229.32,232.44,225.25,231.95,15.4633333333,7295976
TSLA,2019-05-16,229.49,231.0,226.5,228.33,15.222,7483273
TSLA,2019-05-17,221.96,222.24,208.92,211.03,14.0686666667,17786666
TSLA,2019-05-20,202.8,206.0,195.25,205.36,13.6906666667,20526195
TSLA,2019-05-21,197.76,207.4,196.04,205.08,13.672,18003899
TSLA,2019-05-22,199.1,203.94,191.78,192.73,12.8486666667,18685187
TSLA,2019-05-23,194.34,199.47,186.22,195.49,13.0326666667,26547142
TSLA,2019-05-24,199.83,199.98,188.75,190.63,12.7086666667,14136572
TSLA,2019-05-28,191.2,195.0,187.85,188.7,12.58,10312901
TSLA,2019-05-29,187.1,192.39,185.04,189.86,12.6573333333,11968638
TSLA,2019-05-30,188.75,192.26,187.02,188.22,12.548,7926475
TSLA,2019-05-31,185.1,189.92,184.1,185.16,12.344,10406732
TSLA,2019-06-03,185.51,186.68,176.99,178.97,11.9313333333,13064410
TSLA,2019-06-04,181.1,193.98,179.61,193.6,12.9066666667,13807522
TSLA,2019-06-05,198.68,201.28,191.85,196.59,13.106,13510756
TSLA,2019-06-06,204.44,211.0,201.8,205.95,13.73,20242151
TSLA,2019-06-07,205.0,210.8438,203.499,204.5,13.6333333333,16003527
TSLA,2019-06-10,210.25,216.94,209.01,212.88,14.192,10585039
TSLA,2019-06-11,219.14,220.9,213.5,217.1,14.4733333333,11653537
TSLA,2019-06-12,222.95,223.38,209.0,209.26,13.9506666667,15197544
TSLA,2019-06-13,210.38,214.9,207.51,213.91,14.2606666667,8168260
TSLA,2019-06-14,211.25,216.65,210.4,214.92,14.328,7433402
TSLA,2019-06-17,215.48,227.0,214.27,225.03,15.002,12316803
TSLA,2019-06-18,228.72,234.74,222.56,224.74,14.9826666667,12715788
TSLA,2019-06-19,225.11,227.77,221.06,226.43,15.0953333333,6575135
TSLA,2019-06-20,223.0,226.9,216.35,219.62,14.6413333333,11863462
TSLA,2019-06-21,216.22,222.18,215.5,221.86,14.7906666667,8202078
TSLA,2019-06-24,223.24,225.86,221.02,223.64,14.9093333333,5750771
TSLA,2019-06-25,224.39,225.34,219.49,219.76,14.6506666667,6182071
TSLA,2019-06-26,220.31,227.23,218.1,219.27,14.618,8507208
TSLA,2019-06-27,219.45,222.9,217.35,222.84,14.856,6339710
TSLA,2019-06-28,220.99,225.17,220.8,223.46,14.8973333333,6851384
TSLA,2019-07-01,230.21,233.1,226.28,227.17,15.1446666667,8237964
TSLA,2019-07-02,228.89,229.15,222.22,224.55,14.97,9259027
TSLA,2019-07-03,239.39,241.57,234.51,234.9,15.66,14201148
TSLA,2019-07-05,234.57,235.45,230.8,233.1,15.54,7065738
TSLA,2019-07-08,231.24,232.25,228.66,230.34,15.356,5880542
TSLA,2019-07-09,228.97,231.0,227.28,230.06,15.3373333333,6190835
TSLA,2019-07-10,234.15,238.94,233.14,238.92,15.928,9145736
TSLA,2019-07-11,238.14,241.5,235.8,238.6,15.9066666667,7514430
TSLA,2019-07-12,239.75,245.38,239.71,245.08,16.3386666667,9200521
TSLA,2019-07-15,248.0,254.42,244.86,253.5,16.9,11000092
TSLA,2019-07-16,249.3,253.53,247.93,252.38,16.8253333333,8148989
TSLA,2019-07-17,255.67,258.31,253.35,254.86,16.9906666667,9764727
TSLA,2019-07-18,255.05,255.75,251.89,253.54,16.9026666667,4764483
TSLA,2019-07-19,255.69,259.96,254.62,258.18,17.212,7048410
TSLA,2019-07-22,258.75,262.15,254.19,255.68,17.0453333333,6846273
TSLA,2019-07-23,256.71,260.48,254.5,260.17,17.3446666667,5023121
TSLA,2019-07-24,259.17,266.07,258.16,264.88,17.6586666667,11072835
TSLA,2019-07-25,233.5,234.5,225.55,228.82,15.2546666667,22418252
TSLA,2019-07-26,226.92,230.26,222.25,228.04,15.2026666667,10027697
TSLA,2019-07-29,227.09,235.94,226.03,235.77,15.718,9273331
TSLA,2019-07-30,232.9,243.36,232.18,242.26,16.1506666667,8109014
TSLA,2019-07-31,243.0,246.68,236.65,241.61,16.1073333333,9178208
TSLA,2019-08-01,242.65,244.51,231.77,233.85,15.59,8259516
TSLA,2019-08-02,231.35,236.27,229.23,234.34,15.6226666667,6136481
TSLA,2019-08-05,229.6,231.37,225.78,228.32,15.2213333333,7028279
TSLA,2019-08-06,231.88,232.5,225.75,230.75,15.3833333333,5564200
TSLA,2019-08-07,226.5,233.57,225.8,233.42,15.5613333333,4776500
TSLA,2019-08-08,234.45,239.8,232.65,238.3,15.8866666667,5274349
TSLA,2019-08-09,236.05,238.96,233.81,235.01,15.6673333333,3898244
TSLA,2019-08-12,232.99,235.77,228.75,229.01,15.2673333333,4663937
TSLA,2019-08-13,228.81,236.0,227.55,235.0,15.6666666667,4868998
TSLA,2019-08-14,231.21,231.5,216.69,219.62,14.6413333333,9562591
TSLA,2019-08-15,220.86,221.56,211.55,215.64,14.376,8231952
TSLA,2019-08-16,216.66,222.24,216.02,219.94,14.6626666667,5207376
TSLA,2019-08-19,224.21,227.83,221.7,226.83,15.122,5311748
TSLA,2019-08-20,227.62,229.09,224.54,225.86,15.0573333333,4170527
TSLA,2019-08-21,222.01,223.22,217.6,220.83,14.722,7799744
TSLA,2019-08-22,222.8,225.4,218.22,222.15,14.81,6564964
TSLA,2019-08-23,219.97,221.17,211.0,211.4,14.0933333333,8559704
TSLA,2019-08-26,213.6,215.02,211.54,215.0,14.3333333333,5054414
TSLA,2019-08-27,215.74,218.8,212.03,214.08,14.272,5420727
TSLA,2019-08-28,213.69,217.25,212.31,215.59,14.3726666667,3223082
TSLA,2019-08-29,219.0,223.4,218.0,221.71,14.7806666667,5183104
TSLA,2019-08-30,229.15,232.44,224.21,225.61,15.0406666667,9327775
TSLA,2019-09-03,224.08,228.95,223.16,225.01,15.0006666667,5360546
TSLA,2019-09-04,226.89,228.46,219.21,220.68,14.712,5768696
TSLA,2019-09-05,222.5,229.8,220.85,229.58,15.3053333333,7403322
TSLA,2019-09-06,227.2,229.64,225.17,227.45,15.1633333333,4189372
TSLA,2019-09-09,230.0,233.76,229.23,231.79,15.4526666667,4802669
TSLA,2019-09-10,230.8,235.54,228.94,235.54,15.7026666667,4883714
TSLA,2019-09-11,237.38,248.17,236.0,247.1,16.4733333333,10042777
TSLA,2019-09-12,247.7,253.5,244.4,245.87,16.3913333333,8581210
TSLA,2019-09-13,246.96,248.45,244.87,245.2,16.3466666667,5313145
TSLA,2019-09-16,246.0,247.43,241.17,242.81,16.1873333333,4728096
TSLA,2019-09-17,242.47,245.6,240.37,244.79,16.3193333333,3946909
TSLA,2019-09-18,245.0,248.17,242.37,243.49,16.2326666667,4228103
TSLA,2019-09-19,246.0,247.94,244.84,246.6,16.44,4883135
TSLA,2019-09-20,246.49,246.95,238.16,240.62,16.0413333333,6506264
TSLA,2019-09-23,240.0,245.18,239.22,241.23,16.082,4391630
TSLA,2019-09-24,241.52,241.99,222.61,223.21,14.8806666667,12941112
TSLA,2019-09-25,224.56,228.98,218.36,228.7,15.2466666667,9444286
TSLA,2019-09-26,230.66,243.31,227.4,242.56,16.1706666667,12078785
TSLA,2019-09-27,242.2,248.71,238.73,242.13,16.142,11123179
TSLA,2019-09-30,243.0,243.98,236.11,240.87,16.058,5946161
TSLA,2019-10-01,241.5,245.95,239.13,244.69,16.3126666667,6196290
TSLA,2019-10-02,243.29,244.65,239.43,243.13,16.2086666667,6256548
TSLA,2019-10-03,231.86,234.48,224.28,233.03,15.5353333333,15137763
TSLA,2019-10-04,231.61,234.78,228.07,231.43,15.4286666667,8021180
TSLA,2019-10-07,229.8,238.56,228.55,237.72,15.848,8086957
TSLA,2019-10-08,235.87,243.94,234.5,240.05,16.0033333333,8702338
TSLA,2019-10-09,241.32,247.3,240.65,244.53,16.302,6935033
TSLA,2019-10-10,245.28,249.28,241.58,244.74,16.316,6313417
TSLA,2019-10-11,247.15,251.08,246.81,247.89,16.526,8488159
TSLA,2019-10-14,247.9,258.55,247.13,256.96,17.1306666667,10226863
TSLA,2019-10-15,257.7,260.0,254.12,257.89,17.1926666667,6479456
TSLA,2019-10-16,257.39,262.1,256.92,259.75,17.3166666667,6704303
TSLA,2019-10-17,262.5,264.78,260.17,261.97,17.4646666667,4779043
TSLA,2019-10-18,260.7,262.8,255.1,256.95,17.13,5720888
TSLA,2019-10-21,258.33,259.5,250.18,253.5,16.9,5020339
TSLA,2019-10-22,254.32,258.33,250.85,255.58,17.0386666667,4625095
TSLA,2019-10-23,254.5,256.14,251.35,254.68,16.9786666667,11216182
TSLA,2019-10-24,298.37,304.93,289.2,299.68,19.9786666667,29819231
TSLA,2019-10-25,297.72,330.0,296.11,328.13,21.8753333333,30006091
TSLA,2019-10-28,327.54,340.84,322.6,327.71,21.8473333333,18737839
TSLA,2019-10-29,319.99,324.3,314.75,316.22,21.0813333333,12684267
TSLA,2019-10-30,313.0,318.79,309.97,315.01,21.0006666667,9641810
TSLA,2019-10-31,313.1,319.0,313.0,314.92,20.9946666667,5066956
TSLA,2019-11-01,316.32,316.48,309.8,313.31,20.8873333333,6383929
TSLA,2019-11-04,314.8,321.94,309.26,317.47,21.1646666667,8787040
TSLA,2019-11-05,319.62,323.51,316.12,317.22,21.148,6943417
TSLA,2019-11-06,318.0,326.72,314.5,326.58,21.772,7940932
TSLA,2019-11-07,329.14,341.5,328.02,335.54,22.3693333333,14467348
TSLA,2019-11-08,334.5,337.46,332.5,337.14,22.476,6074221
TSLA,2019-11-11,343.95,349.19,342.0,345.09,23.006,9993689
TSLA,2019-11-12,346.9,350.37,344.04,349.93,23.3286666667,7359383
TSLA,2019-11-13,355.0,356.33,345.18,346.11,23.074,8467863
TSLA,2019-11-14,346.11,353.84,342.91,349.35,23.29,6471703
TSLA,2019-11-15,350.64,352.8,348.36,352.17,23.478,4812563
TSLA,2019-11-18,352.92,353.15,346.1,349.99,23.3326666667,4408505
TSLA,2019-11-19,351.75,359.99,347.8,359.52,23.968,7736078
TSLA,2019-11-20,360.0,361.2,349.57,352.22,23.4813333333,6733965
TSLA,2019-11-21,354.51,360.84,354.0,354.83,23.6553333333,6110013
TSLA,2019-11-22,340.16,341.0,330.0,333.04,22.2026666667,16870642
TSLA,2019-11-25,344.32,344.57,334.46,336.34,22.4226666667,12345765
TSLA,2019-11-26,335.27,335.5,327.1,328.92,21.928,7956239
TSLA,2019-11-27,331.12,333.93,328.57,331.29,22.086,5563459
TSLA,2019-11-29,331.11,331.26,327.5,329.94,21.996,2465629
TSLA,2019-12-02,329.4,336.38,328.69,334.87,22.3246666667,6081986
TSLA,2019-12-03,332.62,337.91,332.19,336.2,22.4133333333,6613476
TSLA,2019-12-04,337.75,337.86,332.85,333.03,22.202,5536255
TSLA,2019-12-05,332.83,334.42,327.25,330.37,22.0246666667,3736976
TSLA,2019-12-06,335.0,338.86,334.77,335.89,22.3926666667,7618937
TSLA,2019-12-09,336.59,344.45,335.08,339.53,22.6353333333,9040217
TSLA,2019-12-10,339.96,350.73,339.31,348.84,23.256,8839951
TSLA,2019-12-11,351.88,357.19,351.09,352.7,23.5133333333,6919162
TSLA,2019-12-12,354.92,362.74,353.23,359.68,23.9786666667,7776211
TSLA,2019-12-13,361.05,365.21,354.64,358.39,23.8926666667,6574281
TSLA,2019-12-16,362.55,383.61,362.5,381.5,25.4333333333,18220940
TSLA,2019-12-17,378.99,385.5,375.9,378.99,25.266,8503775
TSLA,2019-12-18,380.63,395.22,380.58,393.15,26.21,14136392
TSLA,2019-12-19,397.32,406.85,396.5,404.04,26.936,18120307
TSLA,2019-12-20,410.29,413.0,400.19,405.59,27.0393333333,14785206
TSLA,2019-12-23,411.78,422.01,410.0,419.22,27.948,13332821
TSLA,2019-12-24,418.36,425.47,412.69,425.25,28.35,8054720
TSLA,2019-12-26,427.91,433.48,426.35,430.94,28.7293333333,10648289
TSLA,2019-12-27,435.0,435.31,426.11,430.38,28.692,9956827
TSLA,2019-12-30,428.79,429.0,409.26,414.7,27.6466666667,12601265
TSLA,2019-12-31,405.0,421.29,402.08,418.33,27.8886666667,10292456
TSLA,2020-01-02,424.5,430.7,421.71,430.26,28.684,9558386
TSLA,2020-01-03,440.5,454.0,436.92,443.01,29.534,17794697
TSLA,2020-01-06,440.47,451.56,440.0,451.54,30.1026666667,10157499
TSLA,2020-01-07,461.4,471.63,453.36,469.06,31.2706666667,18209138
TSLA,2020-01-08,473.7,498.49,468.23,492.14,32.8093333333,31199393
TSLA,2020-01-09,497.1,498.8,472.87,481.34,32.0893333333,28463186
TSLA,2020-01-10,481.79,484.94,473.7,478.15,31.8766666667,12976832
TSLA,2020-01-13,493.5,525.63,492.0,524.86,34.9906666667,26307458
TSLA,2020-01-14,544.26,547.41,524.9,537.92,35.8613333333,29061377
TSLA,2020-01-15,529.76,537.84,516.79,518.5,34.5666666667,17368831
TSLA,2020-01-16,493.75,514.46,492.17,513.49,34.2326666667,21736653
TSLA,2020-01-17,507.61,515.67,503.16,510.5,34.0333333333,13629073
TSLA,2020-01-21,530.25,548.58,528.41,547.2,36.48,17447270
TSLA,2020-01-22,571.89,594.5,559.1,569.56,37.9706666667,31369028
TSLA,2020-01-23,564.25,582.0,555.6,572.2,38.1466666667,19651042
TSLA,2020-01-24,570.63,573.86,554.26,564.82,37.6546666667,14353600
TSLA,2020-01-27,541.99,564.44,539.28,558.02,37.2013333333,13608068
TSLA,2020-01-28,568.49,576.81,558.08,566.9,37.7933333333,11788493
TSLA,2020-01-29,575.69,589.8,567.43,580.99,38.7326666667,18216672
TSLA,2020-01-30,632.42,650.88,618.0,640.81,42.7206666667,29005676
TSLA,2020-01-31,640.0,653.0,632.52,650.57,43.3713333333,15719266
TSLA,2020-02-03,673.69,786.14,673.52,780.0,52.0,47233495
TSLA,2020-02-04,882.96,968.99,833.88,887.06,59.1373333333,60938758
TSLA,2020-02-05,823.26,845.98,704.11,734.7,48.98,48423837
TSLA,2020-02-06,699.92,795.83,687.0,748.96,49.9306666667,39880752
TSLA,2020-02-07,730.55,769.75,730.0,748.07,49.8713333333,17063521
TSLA,2020-02-10,800.0,819.99,752.4,771.28,51.4186666667,24689163
TSLA,2020-02-11,768.79,783.51,758.0,774.38,51.6253333333,11697473
TSLA,2020-02-12,777.87,789.75,763.37,767.29,51.1526666667,12022470
TSLA,2020-02-13,741.84,818.0,735.0,804.0,53.6,26289348
TSLA,2020-02-14,787.22,812.97,785.5,800.03,53.3353333333,15693711
TSLA,2020-02-18,841.6,860.0,832.36,858.4,57.2266666667,16698369
TSLA,2020-02-19,923.5,944.78,901.02,917.42,61.1613333333,25422958
TSLA,2020-02-20,911.95,912.0,859.94,899.41,59.9606666667,17634893
TSLA,2020-02-21,906.98,913.06,880.45,901.0,60.0666666667,14339446
TSLA,2020-02-24,839.0,863.5,822.2,833.79,55.586,15192163
TSLA,2020-02-25,849.0,856.6,787.0,799.91,53.3273333333,17290481
TSLA,2020-02-26,782.5,813.31,776.11,778.8,51.92,14153843
TSLA,2020-02-27,730.0,739.77,669.0,679.0,45.2666666667,24277160
TSLA,2020-02-28,629.7,690.52,611.52,667.99,44.5326666667,24564171
TSLA,2020-03-02,711.26,743.69,686.67,743.62,49.5746666667,20194991
TSLA,2020-03-03,805.0,806.98,716.11,745.51,49.7006666667,25784003
TSLA,2020-03-04,763.96,766.52,724.73,749.5,49.9666666667,15048977
TSLA,2020-03-05,723.77,745.75,718.07,724.54,48.3026666667,10852657
TSLA,2020-03-06,690.0,707.0,684.27,703.48,46.8986666667,12662918
TSLA,2020-03-09,605.39,663.0,605.0,608.0,40.5333333333,17073740
TSLA,2020-03-10,659.43,668.0,608.0,645.33,43.022,15594443
TSLA,2020-03-11,640.2,653.58,613.0,634.23,42.282,13413587
TSLA,2020-03-12,580.89,594.5,546.25,560.55,37.37,18909052
TSLA,2020-03-13,595.0,607.57,502.0,546.62,36.4413333333,22640254
TSLA,2020-03-16,469.5,494.87,442.17,445.07,29.6713333333,20489464
TSLA,2020-03-17,440.01,471.85,396.0,430.2,28.68,23994580
TSLA,2020-03-18,389.0,404.86,350.51,361.22,24.0813333333,23625005
TSLA,2020-03-19,374.7,452.0,358.46,427.64,28.5093333333,30195460
TSLA,2020-03-20,438.2,477.0,425.79,427.53,28.502,28285502
TSLA,2020-03-23,433.6,442.0,410.5,434.29,28.9526666667,16454549
TSLA,2020-03-24,477.3,513.69,474.0,505.0,33.6666666667,22895170
TSLA,2020-03-25,545.25,557.0,511.11,539.25,35.95,21222745
TSLA,2020-03-26,547.39,560.0,512.25,528.16,35.2106666667,17422082
TSLA,2020-03-27,505.0,525.8,494.03,514.36,34.2906666667,14377408
TSLA,2020-03-30,510.26,516.65,491.23,502.13,33.4753333333,11998067
TSLA,2020-03-31,501.25,542.96,497.0,524.0,34.9333333333,17771485
TSLA,2020-04-01,504.0,513.95,475.1,481.56,32.104,13353180
TSLA,2020-04-02,481.03,494.26,446.4,454.47,30.298,19858427
TSLA,2020-04-03,509.5,515.49,468.39,480.01,32.0006666667,22562076
TSLA,2020-04-06,511.2,521.0,497.96,516.24,34.416,14901836
TSLA,2020-04-07,545.0,565.0,532.34,545.45,36.3633333333,17919784
TSLA,2020-04-08,554.2,557.21,533.33,548.84,36.5893333333,12656024
TSLA,2020-04-09,562.09,575.18,557.11,573.0,38.2,13650000
TSLA,2020-04-13,590.16,652.0,580.53,650.95,43.3966666667,22475421
TSLA,2020-04-14,698.97,741.88,692.43,709.89,47.326,30576511
TSLA,2020-04-15,742.0,753.13,710.0,729.83,48.6553333333,23577001
TSLA,2020-04-16,716.94,759.45,706.72,745.21,49.6806666667,20657862
TSLA,2020-04-17,772.28,774.95,747.66,753.89,50.2593333333,13128237
TSLA,2020-04-20,732.7,765.57,712.21,746.36,49.7573333333,14746577
TSLA,2020-04-21,730.12,753.33,673.79,686.72,45.7813333333,20209093
TSLA,2020-04-22,703.98,734.0,688.71,732.11,48.8073333333,14224831
TSLA,2020-04-23,727.6,734.0,703.13,705.63,47.042,13236697
TSLA,2020-04-24,710.81,730.73,698.18,725.15,48.3433333333,13237612
TSLA,2020-04-27,737.61,799.49,735.0,798.75,53.25,20681442
TSLA,2020-04-28,795.64,805.0,756.69,769.12,51.2746666667,15221964
TSLA,2020-04-29,790.17,803.2,783.16,800.51,53.3673333333,16215982
TSLA,2020-04-30,855.19,869.82,763.5,781.88,52.1253333333,28471854
TSLA,2020-05-01,755.0,772.77,683.04,701.32,46.7546666667,32531807
TSLA,2020-05-04,701.0,762.0,698.0,761.19,50.746,19237090
TSLA,2020-05-05,789.79,798.92,762.18,768.21,51.214,16991656
TSLA,2020-05-06,776.5,789.8,761.11,782.58,52.172,11123231
TSLA,2020-05-07,777.21,796.4,772.35,780.04,52.0026666667,11527686
TSLA,2020-05-08,793.77,824.0,787.01,819.42,54.628,16130087
TSLA,2020-05-11,790.51,824.0,785.0,811.29,54.086,16519601
TSLA,2020-05-12,827.0,843.29,808.0,809.41,53.9606666667,15906905
TSLA,2020-05-13,820.83,826.0,763.3,790.96,52.7306666667,19065491
TSLA,2020-05-14,780.0,803.36,764.0,803.33,53.5553333333,13682188
TSLA,2020-05-15,790.35,805.05,786.55,799.17,53.278,10518428
TSLA,2020-05-18,827.78,834.72,803.88,813.63,54.242,11698102
TSLA,2020-05-19,815.17,822.07,806.08,808.01,53.8673333333,9636522
TSLA,2020-05-20,820.5,826.0,811.8,815.56,54.3706666667,7309271
TSLA,2020-05-21,816.0,832.5,796.0,827.6,55.1733333333,12182524
TSLA,2020-05-22,822.17,831.78,812.0,816.88,54.4586666667,9987475
TSLA,2020-05-26,834.5,834.6,815.71,818.87,54.5913333333,8089736
TSLA,2020-05-27,820.86,827.71,785.0,820.23,54.682,11549530
TSLA,2020-05-28,813.51,824.75,801.69,805.81,53.7206666667,7275774
TSLA,2020-05-29,808.75,835.0,804.21,835.0,55.6666666667,11812489
TSLA,2020-06-01,858.0,899.0,854.1,898.1,59.8733333333,15085297
TSLA,2020-06-02,894.7,908.66,871.0,881.56,58.7706666667,13565596
TSLA,2020-06-03,888.12,897.94,880.1,882.96,58.864,7949469
TSLA,2020-06-04,889.88,895.75,858.44,864.38,57.6253333333,8887713
TSLA,2020-06-05,877.84,886.52,866.2,885.66,59.044,7811917
TSLA,2020-06-08,919.0,950.0,909.16,949.92,63.328,14174727
TSLA,2020-06-09,940.01,954.44,923.93,940.67,62.7113333333,11388154
TSLA,2020-06-10,991.88,1027.48,982.5,1025.05,68.3366666667,18563413
TSLA,2020-06-11,990.2,1018.96,972.0,972.84,64.856,15916482
TSLA,2020-06-12,980.0,987.98,912.6,935.28,62.352,16763374
TSLA,2020-06-15,917.79,998.84,908.5,990.9,66.06,15697178
TSLA,2020-06-16,1011.85,1012.88,962.39,982.13,65.4753333333,14051078
TSLA,2020-06-17,987.71,1005.0,982.57,991.79,66.1193333333,9890800
TSLA,2020-06-18,1003.0,1019.2,994.47,1003.96,66.9306666667,9751936
TSLA,2020-06-19,1012.78,1015.97,991.34,1000.9,66.7266666667,8679749
TSLA,2020-06-22,999.95,1008.88,990.02,994.32,66.288,6362350
TSLA,2020-06-23,998.88,1012.0,994.01,1001.78,66.7853333333,6365271
TSLA,2020-06-24,994.11,1000.88,953.14,960.85,64.0566666667,10959593
TSLA,2020-06-25,954.27,985.98,937.15,985.98,65.732,9254549
TSLA,2020-06-26,994.78,995.0,954.87,959.74,63.9826666667,8854908
TSLA,2020-06-29,969.01,1010.0,948.5201,1009.35,67.29,9026404
TSLA,2020-06-30,1006.5,1087.69,1003.73,1079.81,71.9873333333,16918501
TSLA,2020-07-01,1083.0,1135.33,1080.5,1119.63,74.642,13326897
TSLA,2020-07-02,1221.48,1228.0,1185.6,1208.66,80.5773333333,17250127
TSLA,2020-07-06,1276.69,1377.79,1266.04,1371.58,91.4386666667,20570284
TSLA,2020-07-07,1405.01,1429.5,1336.71,1389.86,92.6573333333,21493301
TSLA,2020-07-08,1405.0,1417.26,1311.34,1365.88,91.0586666667,16330188
TSLA,2020-07-09,1396.99,1408.56,1351.28,1394.28,92.952,11718292
TSLA,2020-07-10,1396.0,1548.92,1376.01,1544.65,102.9766666667,23346353
TSLA,2020-07-13,1659.0,1794.99,1471.11,1497.06,99.804,39003179
TSLA,2020-07-14,1556.0,1590.0,1431.0,1516.8,101.12,23428079
TSLA,2020-07-15,1543.0,1550.0,1457.0,1546.01,103.0673333333,16368690
TSLA,2020-07-16,1477.16,1531.71,1466.0,1500.64,100.0426666667,14300795
TSLA,2020-07-17,1513.45,1537.51,1490.0,1500.84,100.056,9332637
TSLA,2020-07-20,1519.01,1650.0,1488.0,1643.0,109.5333333333,16697299
TSLA,2020-07-21,1639.93,1675.0,1558.0,1568.36,104.5573333333,16029826
TSLA,2020-07-22,1599.0,1626.42,1562.0,1592.33,106.1553333333,14161080
TSLA,2020-07-23,1678.95,1689.0,1480.77,1513.07,100.8713333333,24328504
TSLA,2020-07-24,1416.01,1465.0,1366.5401,1417.0,94.4666666667,19396616
TSLA,2020-07-27,1435.0,1547.94,1413.0003,1539.6,102.64,16048669
TSLA,2020-07-28,1504.0,1564.7,1474.42,1476.49,98.4326666667,15808700
TSLA,2020-07-29,1501.0,1534.81,1487.0,1499.11,99.9406666667,9426893
TSLA,2020-07-30,1488.0,1513.24,1471.0,1487.49,99.166,7621039
TSLA,2020-07-31,1515.0,1517.05,1420.98,1430.76,95.384,12246960
TSLA,2020-08-03,1449.2,1509.8101,1444.3844,1485.0,99.0,8809346
TSLA,2020-08-04,1495.01,1527.41,1462.0,1487.0,99.1333333333,8414990
TSLA,2020-08-05,1492.99,1499.8384,1468.31,1485.02,99.0013333333,4978015
TSLA,2020-08-06,1490.83,1517.31,1477.26,1489.58,99.3053333333,5992313
TSLA,2020-08-07,1499.5365,1499.75,1415.01,1452.71,96.8473333333,8896420
TSLA,2020-08-10,1448.0,1457.5,1385.84,1418.57,94.5713333333,7522264
TSLA,2020-08-11,1396.0,1420.0,1365.0,1374.39,91.626,8625834
TSLA,2020-08-12,1470.0,1585.0,1435.0,1554.76,103.6506666667,21898834
TSLA,2020-08-13,1611.0,1651.18,1567.26,1621.0,108.0666666667,20425308
TSLA,2020-08-14,1664.99,1668.8,1626.64,1650.71,110.0473333333,12577614
TSLA,2020-08-17,1677.0,1845.86,1672.83,1835.64,122.376,20023104
TSLA,2020-08-18,1898.99,1923.9,1845.11,1887.09,125.806,16474491
TSLA,2020-08-19,1865.0,1911.0,1841.21,1878.53,125.2353333333,12205331
TSLA,2020-08-20,1860.68,2021.99,1857.06,2001.83,133.4553333333,20611796
TSLA,2020-08-21,2044.76,2095.49,2025.05,2049.98,136.6653333333,21489559
TSLA,2020-08-24,2126.275,2129.0,1927.52,2014.2,134.28,20063621
TSLA,2020-08-25,1974.89,2027.95,1968.0,2023.34,134.8893333333,10658893
TSLA,2020-08-26,2060.0,2166.0,2053.6291,2153.17,143.5446666667,14239382
TSLA,2020-08-27,2180.46,2295.6,2142.5,2238.75,149.25,23693043
TSLA,2020-08-28,2295.12,2318.49,2186.52,2213.4,147.56,20081176
TSLA,2020-08-31,444.61,500.14,440.11,498.32,166.1066666667,115847020
TSLA,2020-09-01,502.14,502.49,470.51,475.05,158.35,90119419
TSLA,2020-09-02,478.99,479.04,405.1206,447.37,149.1233333333,96176128
TSLA,2020-09-03,407.23,431.8,402.0,407.0,135.6666666667,87596086
TSLA,2020-09-04,402.81,428.0,372.0201,418.32,139.44,110321885
TSLA,2020-09-08,356.0,368.74,329.88,330.21,110.07,115465691
TSLA,2020-09-09,356.6,369.0,341.51,366.28,122.0933333333,79465769
TSLA,2020-09-10,386.21,398.99,360.56,371.34,123.78,84930608
TSLA,2020-09-11,381.94,382.5,360.5,372.72,124.24,60717459
TSLA,2020-09-14,380.95,420.0,373.3,419.62,139.8733333333,83020608
TSLA,2020-09-15,436.56,461.94,430.7,449.76,149.92,97298228
TSLA,2020-09-16,439.87,457.79,435.31,441.76,147.2533333333,72546760
TSLA,2020-09-17,415.6,437.79,408.0001,423.43,141.1433333333,76779163
TSLA,2020-09-18,447.94,451.0,428.8,442.15,147.3833333333,86406819
TSLA,2020-09-21,453.13,455.68,407.07,449.39,149.7966666667,109476800
TSLA,2020-09-22,429.6,437.76,417.6001,424.23,141.41,79580795
TSLA,2020-09-23,405.16,412.15,375.8801,380.36,126.7866666667,95074176
TSLA,2020-09-24,363.8,399.5,351.3,387.79,129.2633333333,96561061
TSLA,2020-09-25,393.47,408.7323,391.3,407.34,135.78,67208459
TSLA,2020-09-28,424.62,428.08,415.55,421.2,140.4,49719561
TSLA,2020-09-29,416.0,428.5,411.6,419.07,139.69,50341404
TSLA,2020-09-30,421.32,433.93,420.47,429.01,143.0033333333,48145566
TSLA,2020-10-01,440.76,448.88,434.42,448.16,149.3866666667,50741454
TSLA,2020-10-02,421.39,439.13,415.0,415.09,138.3633333333,71430025
TSLA,2020-10-05,423.35,433.64,419.33,425.68,141.8933333333,44722786
TSLA,2020-10-06,423.79,428.7799,406.05,413.98,137.9933333333,49146259
TSLA,2020-10-07,419.87,429.9,413.845,425.3,141.7666666667,43127709
TSLA,2020-10-08,438.44,439.0,425.3,425.92,141.9733333333,40421116
TSLA,2020-10-09,430.13,434.5899,426.4601,434.0,144.6666666667,28925656
TSLA,2020-10-12,442.0,448.74,438.58,442.3,147.4333333333,38791133
TSLA,2020-10-13,443.35,448.89,436.6,446.65,148.8833333333,34463665
TSLA,2020-10-14,449.78,465.9,447.35,461.3,153.7666666667,48045394
TSLA,2020-10-15,450.31,456.57,442.5,448.88,149.6266666667,35672354
TSLA,2020-10-16,454.44,455.9499,438.85,439.67,146.5566666667,32775879
TSLA,2020-10-19,446.24,447.0,428.87,430.83,143.61,36287843
TSLA,2020-10-20,431.75,431.75,419.0501,421.94,140.6466666667,31656289
TSLA,2020-10-21,422.7,432.95,421.25,422.64,140.88,32370461
TSLA,2020-10-22,441.92,445.23,424.51,425.79,141.93,39993191
TSLA,2020-10-23,421.84,422.8859,407.3801,420.63,140.21,33716980
TSLA,2020-10-26,411.63,425.76,410.0,420.28,140.0933333333,28239161
TSLA,2020-10-27,423.76,430.5,420.1,424.68,141.56,22686506
TSLA,2020-10-28,416.48,418.6,406.0,406.02,135.34,25451409
TSLA,2020-10-29,409.96,418.06,406.46,410.83,136.9433333333,22655308
TSLA,2020-10-30,406.8954,407.5915,379.11,388.04,129.3466666667,42587639
TSLA,2020-11-02,394.0,406.9799,392.3,400.51,133.5033333333,29021118
TSLA,2020-11-03,409.73,427.77,406.69,423.9,141.3,34351715
TSLA,2020-11-04,430.62,435.4,417.1,420.98,140.3266666667,32143057
TSLA,2020-11-05,428.3,440.0,424.0001,438.09,146.03,28414523
TSLA,2020-11-06,436.1,436.57,424.28,429.95,143.3166666667,21706014
TSLA,2020-11-09,439.5,452.5,421.0,421.26,140.42,34833025
TSLA,2020-11-10,420.09,420.09,396.0301,410.36,136.7866666667,30284224
TSLA,2020-11-11,416.45,418.695,410.58,417.13,139.0433333333,17357722
TSLA,2020-11-12,415.05,423.0,409.52,411.76,137.2533333333,19940500
TSLA,2020-11-13,410.85,412.5319,401.66,408.5,136.1666666667,19830351
TSLA,2020-11-16,408.93,412.45,404.0868,408.09,136.03,26838635
TSLA,2020-11-17,460.17,462.0,433.01,441.61,147.2033333333,61188281
TSLA,2020-11-18,448.35,496.0,443.5001,486.64,162.2133333333,78044024
TSLA,2020-11-19,492.0,508.6112,487.57,499.27,166.4233333333,62475346
TSLA,2020-11-20,497.99,502.5,489.06,489.61,163.2033333333,32911922
TSLA,2020-11-23,503.5,526.0,501.79,521.85,173.95,50260304
TSLA,2020-11-24,540.4,559.99,526.2,555.38,185.1266666667,52058771
TSLA,2020-11-25,550.06,574.0,545.37,574.0,191.3333333333,48930162
TSLA,2020-11-27,581.16,598.78,578.45,585.76,195.2533333333,37561078
TSLA,2020-11-30,602.21,607.8,554.51,567.6,189.2,63003052
TSLA,2020-12-01,597.59,597.85,572.05,584.76,194.92,39133346
TSLA,2020-12-02,556.44,571.54,541.21,568.82,189.6066666667,47775653
TSLA,2020-12-03,590.02,598.97,582.43,593.38,197.7933333333,42552003
TSLA,2020-12-04,591.01,599.04,585.5,599.04,199.68,29401314
TSLA,2020-12-07,604.9197,648.7856,603.05,641.76,213.92,56309709
TSLA,2020-12-08,625.505,651.28,618.5,649.88,216.6266666667,64265029
TSLA,2020-12-09,653.69,654.32,588.0,604.48,201.4933333333,71291190
TSLA,2020-12-10,574.37,627.75,566.34,627.07,209.0233333333,67083153
TSLA,2020-12-11,615.01,624.0,596.8,609.99,203.33,46474974
TSLA,2020-12-14,619.0,642.7499,610.2001,639.83,213.2766666667,52040649
TSLA,2020-12-15,643.28,646.9,623.8,633.25,211.0833333333,45223559
TSLA,2020-12-16,628.23,632.5,605.0,622.77,207.59,42095813
TSLA,2020-12-17,628.19,658.82,619.5,655.9,218.6333333333,56270144
TSLA,2020-12-18,668.9,695.0,628.54,695.0,231.6666666667,222126194
TSLA,2020-12-21,666.24,668.5,646.07,649.86,216.62,58045264
TSLA,2020-12-22,648.0,649.88,614.23,640.34,213.4466666667,51861644
TSLA,2020-12-23,632.2,651.4999,622.5701,645.98,215.3266666667,33172972
TSLA,2020-12-24,642.99,666.09,641.0,661.77,220.59,22865568
TSLA,2020-12-28,674.51,681.4,660.8,663.69,221.23,31553561
TSLA,2020-12-29,661.0,669.9,655.0,665.99,221.9966666667,22910811
TSLA,2020-12-30,672.0,696.6,668.3603,694.78,231.5933333333,42846021
TSLA,2020-12-31,699.99,718.72,691.12,705.67,235.2233333333,49649928
TSLA,2021-01-04,719.46,744.4899,717.1895,729.77,243.2566666667,48638189
TSLA,2021-01-05,723.66,740.84,719.2,735.11,245.0366666667,32245165
TSLA,2021-01-06,758.49,774.0,749.1,755.98,251.9933333333,44699965
TSLA,2021-01-07,777.63,816.99,775.2,816.04,272.0133333333,51498948
TSLA,2021-01-08,856.0,884.49,838.39,880.02,293.34,75055528
TSLA,2021-01-11,849.4,854.43,803.6222,811.19,270.3966666667,59554146
TSLA,2021-01-12,831.0,868.0,827.34,849.44,283.1466666667,45985569
TSLA,2021-01-13,852.76,860.47,832.0,854.41,284.8033333333,33312496
TSLA,2021-01-14,843.39,863.0,838.75,845.0,281.6666666667,31266327
TSLA,2021-01-15,852.0,859.9,819.1,826.16,275.3866666667,38777596
TSLA,2021-01-19,837.8,850.0,833.0,844.55,281.5166666667,25366980
TSLA,2021-01-20,858.74,859.5,837.28,850.45,283.4833333333,25665883
TSLA,2021-01-21,855.0,855.7199,841.4201,844.99,281.6633333333,20598133
TSLA,2021-01-22,834.31,848.0,828.62,846.64,282.2133333333,20066497
TSLA,2021-01-25,855.0,900.4,838.8201,880.8,293.6,41173397
TSLA,2021-01-26,891.38,895.9,871.6,883.09,294.3633333333,23131603
TSLA,2021-01-27,870.35,891.5,858.66,864.16,288.0533333333,27333955
TSLA,2021-01-28,820.0,848.0,801.0,835.43,278.4766666667,26378048
TSLA,2021-01-29,830.0003,842.41,780.1,793.53,264.51,34990754
TSLA,2021-02-01,814.29,842.0,795.5601,839.81,279.9366666667,25391385
TSLA,2021-02-02,844.68,880.5,842.2006,872.79,290.93,23998098
TSLA,2021-02-03,877.02,878.08,853.0646,854.69,284.8966666667,18343510
TSLA,2021-02-04,855.0,856.5,833.42,849.99,283.33,15812661
TSLA,2021-02-05,845.0,864.77,838.97,852.23,284.0766666667,18566637
TSLA,2021-02-08,869.67,877.77,854.75,863.42,287.8066666667,20161719
TSLA,2021-02-09,855.12,859.8,841.75,849.46,283.1533333333,15027305
TSLA,2021-02-10,843.635,844.82,800.02,804.82,268.2733333333,35723444
TSLA,2021-02-11,812.44,829.8799,801.725,811.66,270.5533333333,21622753
TSLA,2021-02-12,801.26,817.33,785.3306,816.12,272.04,23768313
TSLA,2021-02-16,818.0,821.0,792.44,796.22,265.4066666667,19802324
TSLA,2021-02-17,779.09,799.84,762.01,798.15,266.05,25878526
TSLA,2021-02-18,780.9,794.69,776.27,787.38,262.46,17957058
TSLA,2021-02-19,795.0,796.7899,777.37,781.3,260.4333333333,18958255
TSLA,2021-02-22,762.64,768.5,710.2,714.5,238.1666666667,36594555
TSLA,2021-02-23,662.13,713.6099,619.0,698.84,232.9466666667,66606882
TSLA,2021-02-24,711.85,745.0,694.17,742.02,247.34,36766950
TSLA,2021-02-25,726.15,737.2066,670.58,682.22,227.4066666667,38126722
TSLA,2021-02-26,700.0,706.7,659.51,675.5,225.1666666667,39767316
TSLA,2021-03-01,690.11,719.0,685.05,718.43,239.4766666667,27136239
TSLA,2021-03-02,718.28,721.11,685.0,686.44,228.8133333333,23732158
TSLA,2021-03-03,687.99,700.7,651.705,653.2,217.7333333333,30207960
TSLA,2021-03-04,655.8,668.45,600.0,621.44,207.1466666667,64799898
TSLA,2021-03-05,626.06,627.8419,539.49,597.95,199.3166666667,89396459
TSLA,2021-03-08,600.55,620.125,558.79,563.0,187.6666666667,51786958
TSLA,2021-03-09,608.18,678.09,595.21,673.58,224.5266666667,67523328
TSLA,2021-03-10,700.3,717.85,655.06,668.06,222.6866666667,60605672
TSLA,2021-03-11,699.4,702.5,677.18,699.6,233.2,36253892
TSLA,2021-03-12,670.0,694.88,666.1394,693.73,231.2433333333,33583840
TSLA,2021-03-15,694.09,713.18,684.04,707.94,235.98,29423479
TSLA,2021-03-16,703.35,707.92,671.0,676.88,225.6266666667,32195672
TSLA,2021-03-17,656.87,703.73,651.01,701.81,233.9366666667,40372453
TSLA,2021-03-18,684.29,689.23,652.0,653.16,217.72,33369022
TSLA,2021-03-19,646.6,657.23,624.6201,654.87,218.29,42893978
TSLA,2021-03-22,684.59,699.62,668.75,670.0,223.3333333333,39512221
TSLA,2021-03-23,675.77,677.8,657.51,662.16,220.72,30491870
TSLA,2021-03-24,667.91,668.02,630.11,630.27,210.09,33795174
TSLA,2021-03-25,613.0,645.5,609.5,640.39,213.4633333333,39224850
TSLA,2021-03-26,641.87,643.82,599.89,618.71,206.2366666667,33852827
TSLA,2021-03-29,615.64,616.48,596.02,611.29,203.7633333333,28636985
TSLA,2021-03-30,601.75,637.66,591.01,635.62,211.8733333333,39432359
TSLA,2021-03-31,646.62,672.0,641.11,667.93,222.6433333333,33337288
TSLA,2021-04-01,688.37,692.4203,659.42,661.75,220.5833333333,35298378
TSLA,2021-04-05,707.71,708.16,684.7,691.05,230.35,41842767
TSLA,2021-04-06,690.3,696.55,681.37,691.62,230.54,28271839
TSLA,2021-04-07,687.0,691.38,667.84,670.97,223.6566666667,26309433
TSLA,2021-04-08,677.38,689.5499,671.645,683.8,227.9333333333,23924329
TSLA,2021-04-09,677.77,680.97,669.43,677.02,225.6733333333,21437087
TSLA,2021-04-12,685.7,704.8,682.09,701.98,233.9933333333,29135670
TSLA,2021-04-13,712.7,763.0,710.66,762.32,254.1066666667,44652808
TSLA,2021-04-14,770.7,780.79,728.03,732.23,244.0766666667,49017434
TSLA,2021-04-15,743.1,743.69,721.31,738.85,246.2833333333,27848900
TSLA,2021-04-16,728.65,749.41,724.6,739.78,246.5933333333,27979526
TSLA,2021-04-19,719.6,725.4,691.8001,714.63,238.21,39686226
TSLA,2021-04-20,717.42,737.25,710.685,718.99,239.6633333333,35609038
TSLA,2021-04-21,704.77,744.84,698.0,744.12,248.04,31215514
TSLA,2021-04-22,741.5,753.77,718.04,719.69,239.8966666667,35590255
TSLA,2021-04-23,719.8,737.36,715.46,729.4,243.1333333333,28413889
TSLA,2021-04-26,741.0,749.3,732.6053,738.2,246.0666666667,31038502
TSLA,2021-04-27,717.96,724.0,703.3501,704.74,234.9133333333,29436995
TSLA,2021-04-28,696.41,708.5,693.6,694.4,231.4666666667,22271047
TSLA,2021-04-29,699.51,702.25,668.5002,677.0,225.6666666667,28845449
TSLA,2021-04-30,667.59,715.47,666.14,709.44,236.48,40758722
TSLA,2021-05-03,703.8,706.0,680.5,684.9,228.3,27043143
TSLA,2021-05-04,678.94,683.4464,657.701,673.6,224.5333333333,29739319
TSLA,2021-05-05,681.06,685.2955,667.34,670.94,223.6466666667,21901894
TSLA,2021-05-06,680.76,681.02,650.0,663.54,221.18,27784619
TSLA,2021-05-07,665.8,690.0,660.22,672.37,224.1233333333,23469172
TSLA,2021-05-10,664.9,665.05,627.6101,629.04,209.68,31392417
TSLA,2021-05-11,599.24,627.0999,595.6,617.2,205.7333333333,46503896
TSLA,2021-05-12,602.49,620.41,586.765,589.89,196.63,33823646
TSLA,2021-05-13,601.545,606.4599,559.65,571.69,190.5633333333,44184916
TSLA,2021-05-14,583.41,592.87,570.46,589.74,196.58,33370856
TSLA,2021-05-17,575.5531,589.73,561.2,576.83,192.2766666667,32390360
TSLA,2021-05-18,568.0,596.25,563.38,577.87,192.6233333333,36830567
TSLA,2021-05-19,552.55,566.21,546.98,563.46,187.82,39578395
TSLA,2021-05-20,575.0,588.85,571.07,586.78,195.5933333333,30821119
TSLA,2021-05-21,596.11,596.68,580.0,580.88,193.6266666667,26030595
TSLA,2021-05-24,581.6,614.48,573.65,606.44,202.1466666667,34558089
TSLA,2021-05-25,607.31,613.99,595.71,604.69,201.5633333333,28005933
TSLA,2021-05-26,607.56,626.17,601.5,619.13,206.3766666667,28639305
TSLA,2021-05-27,620.24,631.13,616.21,630.85,210.2833333333,26370593
TSLA,2021-05-28,628.5,635.59,622.38,625.22,208.4066666667,22737038
TSLA,2021-06-01,627.8,633.8,620.55,623.9,207.9666666667,18084890
TSLA,2021-06-02,620.13,623.36,599.14,605.12,201.7066666667,23302779
TSLA,2021-06-03,601.8,604.55,571.22,572.84,190.9466666667,30111893
TSLA,2021-06-04,579.71,600.61,577.2,599.05,199.6833333333,24036896
TSLA,2021-06-07,591.825,610.0,582.88,605.13,201.71,22543682
TSLA,2021-06-08,623.01,623.09,595.5,603.59,201.1966666667,26053405
TSLA,2021-06-09,602.17,611.79,597.6301,598.78,199.5933333333,16584566
TSLA,2021-06-10,603.88,616.59,600.5,610.12,203.3733333333,23919606
TSLA,2021-06-11,610.23,612.56,601.52,609.89,203.2966666667,16205303
TSLA,2021-06-14,612.23,625.49,609.18,617.69,205.8966666667,20423983
TSLA,2021-06-15,616.69,616.79,598.23,599.36,199.7866666667,17764145
TSLA,2021-06-16,597.535,608.5,593.5,604.87,201.6233333333,21845739
TSLA,2021-06-17,601.8878,621.47,601.34,616.6,205.5333333333,22701350
TSLA,2021-06-18,613.37,628.35,611.8,623.31,207.77,24560905
TSLA,2021-06-21,624.48,631.39,608.88,620.83,206.9433333333,24812741
TSLA,2021-06-22,618.25,628.5693,615.5,623.71,207.9033333333,19158892
TSLA,2021-06-23,632.0,657.204,630.04,656.57,218.8566666667,31099228
TSLA,2021-06-24,674.99,697.62,667.61,679.82,226.6066666667,45982386
TSLA,2021-06-25,689.58,693.81,668.7,671.87,223.9566666667,32496707
TSLA,2021-06-28,671.64,694.6999,670.32,688.72,229.5733333333,21628159
TSLA,2021-06-29,684.65,687.5099,675.89,680.76,226.92,17381313
TSLA,2021-06-30,679.77,692.81,678.14,679.7,226.5666666667,18924862
TSLA,2021-07-01,683.92,687.99,672.8,677.92,225.9733333333,18634522
TSLA,2021-07-02,678.98,700.0,673.26,678.9,226.3,27097374
TSLA,2021-07-06,681.7115,684.0,651.4002,659.58,219.86,23284450
TSLA,2021-07-07,664.27,665.7,638.32,644.65,214.8833333333,18791960
TSLA,2021-07-08,628.37,654.43,620.46,652.81,217.6033333333,22773316
TSLA,2021-07-09,653.185,658.91,644.69,656.95,218.9833333333,18140548
TSLA,2021-07-12,662.2,687.24,662.161,685.7,228.5666666667,25927042
TSLA,2021-07-13,686.32,693.28,666.2958,668.54,222.8466666667,20966092
TSLA,2021-07-14,670.75,678.6099,652.84,653.38,217.7933333333,21641190
TSLA,2021-07-15,658.39,666.14,637.88,650.6,216.8666666667,20209571
TSLA,2021-07-16,654.68,656.6999,642.2,644.22,214.74,16370970
TSLA,2021-07-19,629.89,647.1999,621.29,646.22,215.4066666667,21297090
TSLA,2021-07-20,651.99,662.3916,640.501,660.5,220.1666666667,15487127
TSLA,2021-07-21,659.61,664.8599,650.2901,655.29,218.43,13953338
TSLA,2021-07-22,656.4428,662.17,644.6001,649.26,216.42,15105727
TSLA,2021-07-23,646.36,648.8,637.3001,643.38,214.46,14604944
TSLA,2021-07-26,650.97,668.1999,647.11,657.62,219.2066666667,25336556
TSLA,2021-07-27,663.4,666.5,627.24,644.78,214.9266666667,32813290
TSLA,2021-07-28,646.995,654.9699,639.4001,646.98,215.66,16006596
TSLA,2021-07-29,649.79,683.69,648.8,677.35,225.7833333333,29688446
TSLA,2021-07-30,671.758,697.53,669.0,687.2,229.0666666667,29656411
TSLA,2021-08-02,700.0,726.94,698.4,709.67,236.5566666667,33615765
TSLA,2021-08-03,719.0,722.65,701.01,709.74,236.58,21620253
TSLA,2021-08-04,711.0,724.9,708.93,710.92,236.9733333333,17002647
TSLA,2021-08-05,716.0,720.9499,711.41,714.63,238.21,12919637
TSLA,2021-08-06,711.9,716.33,697.63,699.1,233.0333333333,15623049
TSLA,2021-08-09,710.17,719.03,705.13,713.76,237.92,14715349
TSLA,2021-08-10,713.99,716.59,701.88,709.99,236.6633333333,13432305
TSLA,2021-08-11,712.71,715.18,704.21,707.82,235.94,9800558
TSLA,2021-08-12,706.34,722.8,699.4,722.25,240.75,17681686
TSLA,2021-08-13,723.71,729.9,714.34,717.17,239.0566666667,16671844
TSLA,2021-08-16,705.07,709.5,676.4,686.17,228.7233333333,23103303
TSLA,2021-08-17,672.66,674.58,648.84,665.71,221.9033333333,23721279
TSLA,2021-08-18,669.7479,695.77,669.35,688.99,229.6633333333,20349375
TSLA,2021-08-19,678.21,686.55,667.59,673.47,224.49,14313486
TSLA,2021-08-20,682.85,692.1299,673.7,680.26,226.7533333333,14841865
TSLA,2021-08-23,685.442,712.1299,680.7505,706.3,235.4333333333,20264859
TSLA,2021-08-24,710.68,715.22,702.64,708.49,236.1633333333,13083071
TSLA,2021-08-25,707.03,716.97,704.0,711.2,237.0666666667,12645562
TSLA,2021-08-26,708.31,715.4,697.6201,701.16,233.72,13214292
TSLA,2021-08-27,705.0,715.0,702.1001,711.92,237.3066666667,13833763
TSLA,2021-08-30,714.715,731.0,712.73,730.91,243.6366666667,18604220
TSLA,2021-08-31,733.0,740.39,726.44,735.72,245.24,20855436
TSLA,2021-09-01,734.08,741.99,731.2701,734.09,244.6966666667,13204335
TSLA,2021-09-02,734.5,740.97,730.54,732.39,244.13,12796739
TSLA,2021-09-03,732.2494,734.0,724.2,733.57,244.5233333333,15271045
TSLA,2021-09-07,740.0,760.2,739.26,752.92,250.9733333333,20039825
TSLA,2021-09-08,761.58,764.45,740.7733,753.87,251.29,18793036
TSLA,2021-09-09,753.41,762.1,751.6301,754.86,251.62,14077731
TSLA,2021-09-10,759.6,762.61,734.5201,736.27,245.4233333333,15184170
TSLA,2021-09-13,740.2143,744.78,708.85,743.0,247.6666666667,22952482
TSLA,2021-09-14,742.57,754.47,736.4,744.49,248.1633333333,18524881
TSLA,2021-09-15,745.0,756.86,738.36,755.83,251.9433333333,15357685
TSLA,2021-09-16,752.83,758.91,747.61,756.99,252.33,13923393
TSLA,2021-09-17,757.15,761.04,750.0,759.49,253.1633333333,28204176
TSLA,2021-09-20,734.5577,742.0,718.6249,730.17,243.39,24757652
TSLA,2021-09-21,734.79,744.7399,730.44,739.38,246.46,16330723
TSLA,2021-09-22,743.5263,753.6699,739.12,751.94,250.6466666667,15126272
TSLA,2021-09-23,755.0,758.2,747.92,753.64,251.2133333333,11947527
TSLA,2021-09-24,745.89,774.8,744.56,774.39,258.13,21373022
TSLA,2021-09-27,773.12,799.0,769.31,791.36,263.7866666667,28070657
TSLA,2021-09-28,787.2,795.64,766.1801,777.56,259.1866666667,25381422
TSLA,2021-09-29,779.8,793.5,770.68,781.31,260.4366666667,20942877
TSLA,2021-09-30,781.0,789.1305,775.0,775.48,258.4933333333,17955961
TSLA,2021-10-01,778.4,780.78,763.59,775.22,258.4066666667,17031414
TSLA,2021-10-04,796.5,806.9699,776.12,781.53,260.51,30483341
TSLA,2021-10-05,784.7962,797.31,774.2,780.59,260.1966666667,18432625
TSLA,2021-10-06,776.2,786.66,773.22,782.75,260.9166666667,14632768
TSLA,2021-10-07,785.46,805.0,783.38,793.61,264.5366666667,19195782
TSLA,2021-10-08,796.21,796.38,780.91,785.49,261.83,16738604
TSLA,2021-10-11,787.65,801.24,785.5,791.94,263.98,14200322
TSLA,2021-10-12,800.93,812.32,796.57,805.72,268.5733333333,22020040
TSLA,2021-10-13,810.47,815.41,805.78,811.08,270.36,14120075
TSLA,2021-10-14,815.49,820.25,813.3501,818.32,272.7733333333,12247170
TSLA,2021-10-15,823.7384,843.21,822.35,843.03,281.01,18924567
TSLA,2021-10-18,851.79,875.26,851.47,870.11,290.0366666667,24207244
TSLA,2021-10-19,877.53,877.95,862.51,864.27,288.09,17381128
TSLA,2021-10-20,865.35,869.49,857.38,865.8,288.6,14032052
TSLA,2021-10-21,856.0,900.0,855.5046,894.0,298.0,31481454
TSLA,2021-10-22,895.5,910.0,890.96,909.68,303.2266666667,22880835
TSLA,2021-10-25,950.53,1045.02,944.2,1024.86,341.62,62852099
TSLA,2021-10-26,1024.69,1094.94,1001.44,1018.43,339.4766666667,62414968
TSLA,2021-10-27,1039.66,1070.88,1030.78,1037.86,345.9533333333,38526459
TSLA,2021-10-28,1068.305,1081.0,1054.2,1077.04,359.0133333333,27213173
TSLA,2021-10-29,1081.86,1115.21,1073.205,1114.0,371.3333333333,29918417
TSLA,2021-11-01,1145.0,1209.75,1118.66,1208.59,402.8633333333,54868952
TSLA,2021-11-02,1159.355,1208.59,1146.0,1172.0,390.6666666667,42450935
TSLA,2021-11-03,1177.33,1215.39,1152.62,1213.86,404.62,34628519
TSLA,2021-11-04,1234.41,1243.49,1217.0,1229.91,409.97,25397410
TSLA,2021-11-05,1228.0,1239.87,1208.0,1222.09,407.3633333333,21628812
TSLA,2021-11-08,1149.785,1197.0,1133.0,1162.94,387.6466666667,33445715
TSLA,2021-11-09,1173.6,1174.5,1011.52,1023.5,341.1666666667,58525547
TSLA,2021-11-10,1010.41,1078.1,987.31,1067.95,355.9833333333,42802722
TSLA,2021-11-11,1102.77,1104.97,1054.68,1063.51,354.5033333333,22396568
TSLA,2021-11-12,1047.5,1054.5,1019.2,1033.42,344.4733333333,25147852
TSLA,2021-11-15,1017.63,1031.98,978.6,1013.39,337.7966666667,34775649
TSLA,2021-11-16,1003.31,1057.1999,1002.18,1054.73,351.5766666667,26542359
TSLA,2021-11-17,1063.51,1119.64,1055.5,1089.01,363.0033333333,31445365
TSLA,2021-11-18,1106.55,1112.0,1075.02,1096.38,365.46,20898930
TSLA,2021-11-19,1098.87,1138.7199,1092.7,1137.06,379.02,21642258
TSLA,2021-11-22,1162.33,1201.95,1132.43,1156.87,385.6233333333,33072509
TSLA,2021-11-23,1167.51,1180.4999,1062.7,1109.03,369.6766666667,36171700
TSLA,2021-11-24,1080.39,1132.77,1062.0,1116.0,372.0,22560238
TSLA,2021-11-26,1099.47,1108.7827,1081.0,1081.92,360.64,11680890
TSLA,2021-11-29,1100.99,1142.67,1100.19,1136.99,378.9966666667,19464467
TSLA,2021-11-30,1144.37,1168.0,1118.0,1144.76,381.5866666667,27092038
TSLA,2021-12-01,1160.695,1172.8399,1090.76,1095.0,365.0,22934698
TSLA,2021-12-02,1099.06,1113.0,1056.65,1084.6,361.5333333333,24371623
TSLA,2021-12-03,1084.79,1090.5753,1000.21,1014.97,338.3233333333,30773995
TSLA,2021-12-06,1001.51,1021.64,950.5,1009.01,336.3366666667,27221037
TSLA,2021-12-07,1044.2,1057.6739,1026.81,1051.75,350.5833333333,18694857
TSLA,2021-12-08,1052.71,1072.38,1033.0001,1068.96,356.32,13968790
TSLA,2021-12-09,1060.64,1062.49,1002.36,1003.8,334.6,19812832
TSLA,2021-12-10,1008.75,1020.9797,982.53,1017.03,339.01,19888122
TSLA,2021-12-13,1001.09,1005.0,951.42,966.41,322.1366666667,26198502
TSLA,2021-12-14,945.0,966.41,930.0,958.51,319.5033333333,23602090
TSLA,2021-12-15,953.21,978.7499,928.2501,975.99,325.33,25056410
TSLA,2021-12-16,994.5,994.98,921.85,926.92,308.9733333333,27590483
TSLA,2021-12-17,914.77,960.6599,909.0401,932.57,310.8566666667,33626754
TSLA,2021-12-20,910.7,921.6884,893.39,899.94,299.98,18826671
TSLA,2021-12-21,916.87,939.5,886.12,938.53,312.8433333333,23839305
TSLA,2021-12-22,965.66,1015.6599,957.05,1008.87,336.29,31211362
TSLA,2021-12-23,1006.8,1072.9767,997.56,1067.0,355.6666666667,30904429
TSLA,2021-12-27,1073.67,1117.0,1070.7152,1093.94,364.6466666667,23715273
TSLA,2021-12-28,1109.49,1118.9999,1078.42,1088.47,362.8233333333,20107969
TSLA,2021-12-29,1098.64,1104.0,1064.14,1086.19,362.0633333333,18718015
TSLA,2021-12-30,1061.33,1095.55,1053.15,1070.34,356.78,15680313
TSLA,2021-12-31,1073.4444,1081.9999,1054.59,1056.78,352.26,13466216
TSLA,2022-01-03,1147.75,1201.07,1136.04,1199.78,399.9266666667,34895349
TSLA,2022-01-04,1189.55,1208.0,1123.05,1149.59,383.1966666667,33416086
TSLA,2022-01-05,1146.65,1170.34,1081.0101,1088.12,362.7066666667,26706599
TSLA,2022-01-06,1077.0,1088.0,1020.5,1064.7,354.9,30112158
TSLA,2022-01-07,1080.37,1080.9299,1010.0,1026.96,342.32,28054916
TSLA,2022-01-10,1000.0,1059.1,980.0,1058.12,352.7066666667,30604959
TSLA,2022-01-11,1053.67,1075.85,1038.82,1064.4,354.8,21593308
TSLA,2022-01-12,1078.85,1114.84,1072.5901,1106.22,368.74,27913005
TSLA,2022-01-13,1109.065,1115.6,1026.5391,1031.56,343.8533333333,32403264
TSLA,2022-01-14,1019.88,1052.0,1013.3788,1049.61,349.87,24308137
TSLA,2022-01-18,1026.605,1070.7899,1016.06,1030.51,343.5033333333,22158412
TSLA,2022-01-19,1041.705,1054.6699,995.0,995.65,331.8833333333,24870215
TSLA,2022-01-20,1009.73,1041.66,994.0,996.27,332.09,23496248
TSLA,2022-01-21,996.34,1004.55,940.5,943.9,314.6333333333,34472009
TSLA,2022-01-24,904.76,933.5131,851.47,930.0,310.0,50791714
TSLA,2022-01-25,914.2,951.26,903.21,918.4,306.1333333333,28865302
TSLA,2022-01-26,952.43,987.69,906.0,937.41,312.47,34955761
TSLA,2022-01-27,933.36,935.39,829.0,829.1,276.3666666667,49036523
TSLA,2022-01-28,831.56,857.5,792.01,846.35,282.1166666667,44929650
TSLA,2022-01-31,872.71,937.99,862.05,936.72,312.24,34812032
TSLA,2022-02-01,935.21,943.7,905.0,931.25,310.4166666667,24379446
TSLA,2022-02-02,928.18,931.5,889.41,905.66,301.8866666667,22264345
TSLA,2022-02-03,882.0,937.0,880.52,891.14,297.0466666667,26285186
TSLA,2022-02-04,897.22,936.5,881.17,923.32,307.7733333333,24541822
TSLA,2022-02-07,923.79,947.77,902.7089,907.34,302.4466666667,20331488
TSLA,2022-02-08,905.53,926.2899,894.8,922.0,307.3333333333,16909671
TSLA,2022-02-09,935.0,946.2699,920.0,932.0,310.6666666667,17419848
TSLA,2022-02-10,908.37,943.81,896.7,904.55,301.5166666667,22042277
TSLA,2022-02-11,909.63,915.96,850.7,860.0,286.6666666667,26548623
TSLA,2022-02-14,861.57,898.8799,853.15,875.76,291.92,22585472
TSLA,2022-02-15,900.0,923.0,893.3774,922.43,307.4766666667,19216514
TSLA,2022-02-16,914.05,926.4299,901.21,923.39,307.7966666667,17098132
TSLA,2022-02-17,913.26,918.4999,874.1,876.35,292.1166666667,18392806
TSLA,2022-02-18,886.0,886.87,837.61,856.98,285.66,22833947
TSLA,2022-02-22,834.13,856.7338,801.1001,821.53,273.8433333333,27387874
TSLA,2022-02-23,830.43,835.2997,760.56,764.04,254.68,31752336
TSLA,2022-02-24,700.39,802.48,700.0,800.77,266.9233333333,45107425
TSLA,2022-02-25,809.23,819.5,782.4005,809.87,269.9566666667,25355921
TSLA,2022-02-28,815.01,876.86,814.7075,870.43,290.1433333333,33002289
TSLA,2022-03-01,869.68,889.88,853.78,864.37,288.1233333333,24922287
TSLA,2022-03-02,872.13,886.48,844.2721,879.89,293.2966666667,24881146
TSLA,2022-03-03,878.77,886.439,832.6001,839.29,279.7633333333,20541169
TSLA,2022-03-04,849.1,855.65,825.1609,838.29,279.43,22393287
TSLA,2022-03-07,856.3,866.14,804.57,804.58,268.1933333333,24164724
TSLA,2022-03-08,795.53,849.99,782.17,824.4,274.8,26799702
TSLA,2022-03-09,839.48,860.56,832.01,858.97,286.3233333333,19727993
TSLA,2022-03-10,851.45,854.45,810.3601,838.3,279.4333333333,19549548
TSLA,2022-03-11,840.197,843.802,793.77,795.35,265.1166666667,22345722
TSLA,2022-03-14,780.61,800.7,756.04,766.37,255.4566666667,23717421
TSLA,2022-03-15,775.27,805.57,756.57,801.89,267.2966666667,22280381
TSLA,2022-03-16,809.0,842.0,802.2601,840.23,280.0766666667,28009607
TSLA,2022-03-17,830.99,875.0,825.7178,871.6,290.5333333333,22194324
TSLA,2022-03-18,874.49,907.85,867.39,905.39,301.7966666667,33443159
TSLA,2022-03-21,914.98,942.85,907.09,921.16,307.0533333333,26640958
TSLA,2022-03-22,930.0,997.86,921.75,993.98,331.3266666667,34882278
TSLA,2022-03-23,979.94,1040.7,976.4,999.11,333.0366666667,40225383
TSLA,2022-03-24,1009.73,1024.49,988.8,1013.92,337.9733333333,22973626
TSLA,2022-03-25,1008.0,1021.7999,997.3201,1010.64,336.88,20496893
TSLA,2022-03-28,1065.1,1097.8799,1053.6,1091.84,363.9466666667,34168693
TSLA,2022-03-29,1107.99,1114.77,1073.11,1099.57,366.5233333333,24538273
TSLA,2022-03-30,1091.17,1113.95,1084.0,1093.99,364.6633333333,19955002
TSLA,2022-03-31,1094.57,1103.1399,1076.641,1077.6,359.2,16330919
TSLA,2022-04-01,1081.15,1094.75,1066.64,1084.59,361.53,18087741
TSLA,2022-04-04,1089.38,1149.91,1072.53,1145.45,381.8166666667,27392567
TSLA,2022-04-05,1136.3,1152.87,1087.3,1091.26,363.7533333333,26192187
TSLA,2022-04-06,1073.47,1079.0,1027.7,1045.76,348.5866666667,29782845
TSLA,2022-04-07,1052.39,1076.59,1021.5401,1057.26,352.42,26482353
TSLA,2022-04-08,1043.21,1048.44,1022.435,1025.49,341.83,18337896
TSLA,2022-04-11,980.4,1008.4681,974.64,975.93,325.31,19785735
TSLA,2022-04-12,997.64,1021.1921,976.6001,986.95,328.9833333333,21992032
TSLA,2022-04-13,981.075,1026.24,973.097,1022.37,340.79,18373737
TSLA,2022-04-14,999.29,1012.7099,982.19,985.0,328.3333333333,19474135
TSLA,2022-04-18,989.03,1014.92,973.41,1004.29,334.7633333333,17238407
TSLA,2022-04-19,1005.06,1034.94,995.325,1028.15,342.7166666667,16615944
TSLA,2022-04-20,1030.0,1034.0,975.2501,977.2,325.7333333333,21616141
TSLA,2022-04-21,1074.73,1092.22,996.415,1008.78,336.26,35138779
TSLA,2022-04-22,1014.91,1034.85,994.0001,1005.05,335.0166666667,23232186
TSLA,2022-04-25,978.97,1008.62,975.3,998.02,332.6733333333,22780445
TSLA,2022-04-26,995.43,1000.0,875.0,876.42,292.14,44694524
TSLA,2022-04-27,898.58,918.0,877.36,881.51,293.8366666667,25652132
TSLA,2022-04-28,899.98,900.0,821.7,877.51,292.5033333333,41649509
TSLA,2022-04-29,902.25,934.3999,870.0,870.76,290.2533333333,29377665
TSLA,2022-05-02,860.77,906.3599,848.03,902.94,300.98,25260457
TSLA,2022-05-03,903.18,924.08,888.59,909.25,303.0833333333,21236525
TSLA,2022-05-04,903.94,955.5,885.28,952.62,317.54,27039655
TSLA,2022-05-05,939.21,945.6,857.7,873.28,291.0933333333,30839731
TSLA,2022-05-06,887.0,888.0,843.105,865.65,288.55,24301037
TSLA,2022-05-09,836.45,845.63,781.15,787.11,262.37,30270074
TSLA,2022-05-10,819.31,825.36,774.25,800.04,266.68,28133877
TSLA,2022-05-11,795.0,809.77,727.2,734.0,244.6666666667,32408153
TSLA,2022-05-12,701.0,759.66,680.0,728.0,242.6666666667,46770954
TSLA,2022-05-13,773.48,787.3499,751.565,769.59,256.53,30716908
TSLA,2022-05-16,767.16,769.76,719.0885,724.37,241.4566666667,28699513
TSLA,2022-05-17,747.36,764.48,728.85,761.61,253.87,26745370
TSLA,2022-05-18,744.52,760.5,700.81,709.81,236.6033333333,29270604
TSLA,2022-05-19,707.0,734.0,694.11,709.42,236.4733333333,30098891
TSLA,2022-05-20,713.99,721.582,633.0,663.9,221.3,48324435
TSLA,2022-05-23,655.02,679.9551,638.06,674.9,224.9666666667,29634546
TSLA,2022-05-24,653.53,653.92,620.57,628.16,209.3866666667,29697505
TSLA,2022-05-25,623.85,669.32,623.0101,658.8,219.6,30713108
TSLA,2022-05-26,661.42,718.6699,653.66,707.73,235.91,35334448
TSLA,2022-05-27,723.25,759.8,720.5311,759.63,253.21,29764994
TSLA,2022-05-31,773.84,778.8,734.23,758.26,252.7533333333,33971457
TSLA,2022-06-01,755.16,771.98,730.92,740.37,246.79,25749321
TSLA,2022-06-02,732.47,792.63,726.2,775.0,258.3333333333,31157706
TSLA,2022-06-03,729.675,743.3899,700.2534,703.55,234.5166666667,37464579
TSLA,2022-06-06,733.06,734.6,703.05,714.84,238.28,28068174
TSLA,2022-06-07,702.0,719.99,690.28,716.66,238.8866666667,24269534
TSLA,2022-06-08,720.26,749.89,717.53,725.6,241.8666666667,25403540
TSLA,2022-06-09,748.02,766.6399,717.98,719.12,239.7066666667,32163769
TSLA,2022-06-10,705.47,718.5,683.74,696.69,232.23,32696966
TSLA,2022-06-13,669.5,679.9,644.05,647.21,215.7366666667,34255754
TSLA,2022-06-14,654.86,678.99,635.21,662.67,220.89,32662932
TSLA,2022-06-15,662.75,706.9899,654.45,699.0,233.0,39710645
TSLA,2022-06-16,668.21,675.5,626.08,639.3,213.1,35796900
TSLA,2022-06-17,640.3,662.9082,639.59,650.28,216.76,30880590
TSLA,2022-06-21,673.81,730.7321,673.0,711.11,237.0366666667,40930985
TSLA,2022-06-22,703.51,740.5,701.48,708.26,236.0866666667,33842420
TSLA,2022-06-23,713.715,717.95,685.91,705.21,235.07,34734226
TSLA,2022-06-24,712.405,738.2,708.26,737.12,245.7066666667,31923565
TSLA,2022-06-27,748.1,756.21,727.6966,734.76,244.92,29726104
TSLA,2022-06-28,733.45,749.91,697.03,697.99,232.6633333333,30222167
TSLA,2022-06-29,691.5,693.52,666.82,685.47,228.49,27632418
TSLA,2022-06-30,673.53,688.37,656.59,673.42,224.4733333333,31533484
TSLA,2022-07-01,681.0,690.69,666.3601,681.79,227.2633333333,24820148
TSLA,2022-07-05,669.0,699.44,648.5001,699.2,233.0666666667,28259704
TSLA,2022-07-06,692.34,703.69,681.56,695.2,231.7333333333,23951210
TSLA,2022-07-07,701.76,736.085,696.63,733.63,244.5433333333,27310230
TSLA,2022-07-08,727.0,764.9399,723.4843,752.29,250.7633333333,33951362
TSLA,2022-07-11,756.31,759.19,700.88,703.03,234.3433333333,33169740
TSLA,2022-07-12,710.54,719.32,685.105,699.21,233.07,29310320
TSLA,2022-07-13,676.5,726.1799,675.1,711.12,237.04,32651499
TSLA,2022-07-14,704.69,715.96,688.0,714.94,238.3133333333,26185833
TSLA,2022-07-15,720.0,730.8699,710.67,720.2,240.0666666667,23227673
TSLA,2022-07-18,734.81,751.55,718.81,721.64,240.5466666667,27512476
TSLA,2022-07-19,735.0,741.42,710.93,736.59,245.53,26963370
TSLA,2022-07-20,740.35,751.99,730.449,742.5,247.5,29621363
TSLA,2022-07-21,765.32,819.8,764.6,815.12,271.7066666667,47344059
TSLA,2022-07-22,828.66,842.36,812.14,816.73,272.2433333333,34490949
TSLA,2022-07-25,816.65,822.44,802.2,805.3,268.4333333333,21357835
TSLA,2022-07-26,799.54,801.9299,768.79,776.58,258.86,22273586
TSLA,2022-07-27,791.43,827.7768,785.3701,824.46,274.82,29369996
TSLA,2022-07-28,840.2,849.9,818.4,842.7,280.9,28240997
TSLA,2022-07-29,842.1,894.96,837.3,891.45,297.15,31770961
TSLA,2022-08-01,903.825,935.6347,885.0,891.83,297.2766666667,39014296
TSLA,2022-08-02,882.01,923.5,878.0,901.76,300.5866666667,31859156
TSLA,2022-08-03,915.0,928.65,903.45,922.19,307.3966666667,26697035
TSLA,2022-08-04,933.0,940.82,915.0,925.9,308.6333333333,24085439
TSLA,2022-08-05,908.01,913.8199,856.634,864.51,288.17,37724299
TSLA,2022-08-08,885.0,915.6,867.2562,871.27,290.4233333333,33121758
TSLA,2022-08-09,870.88,877.19,838.06,850.0,283.3333333333,28748227
TSLA,2022-08-10,891.2,892.53,850.11,883.07,294.3566666667,31639624
TSLA,2022-08-11,889.54,894.71,857.5,859.89,286.63,23385015
TSLA,2022-08-12,868.245,900.48,855.1,900.09,300.03,26552429
TSLA,2022-08-15,905.36,939.4,903.69,927.96,309.32,29786389
TSLA,2022-08-16,935.0,944.0,908.65,919.69,306.5633333333,29378774
TSLA,2022-08-17,910.19,928.97,900.1,911.99,303.9966666667,22921990
TSLA,2022-08-18,918.0,919.5,905.56,908.61,302.87,15833512
TSLA,2022-08-19,897.0,901.08,877.5,890.0,296.6666666667,20465129
TSLA,2022-08-22,875.74,877.2,858.89,869.74,289.9133333333,18614449
TSLA,2022-08-23,874.36,896.4799,863.77,889.36,296.4533333333,21328348
TSLA,2022-08-24,892.69,910.94,889.5,891.29,297.0966666667,19086572
TSLA,2022-08-25,302.36,302.96,291.6,296.07,296.07,52827378
TSLA,2022-08-26,297.43,302.0,287.47,288.09,288.09,57163947
TSLA,2022-08-29,282.83,287.74,280.7,284.82,284.82,41548729
TSLA,2022-08-30,287.865,288.48,272.65,277.7,277.7,50541759
TSLA,2022-08-31,280.62,281.25,271.81,275.61,275.61,52107337
TSLA,2022-09-01,272.575,277.58,266.15,277.16,277.16,54287024
TSLA,2022-09-02,281.065,282.35,269.08,270.21,270.21,50890090
TSLA,2022-09-06,272.675,275.99,265.74,274.42,274.42,55605247
TSLA,2022-09-07,273.1,283.84,272.27,283.7,283.7,50028916
TSLA,2022-09-08,281.3,289.5,279.76,289.26,289.26,53713124
TSLA,2022-09-09,291.67,299.85,291.245,299.68,299.68,54470854
TSLA,2022-09-12,300.72,305.49,300.4,304.42,304.42,48674604
TSLA,2022-09-13,292.9,297.3999,290.4,292.13,292.13,68229619
TSLA,2022-09-14,292.24,306.0,291.64,302.61,302.61,72628653
TSLA,2022-09-15,301.825,309.12,300.7247,303.75,303.75,64795523
TSLA,2022-09-16,299.605,303.71,295.6005,303.35,303.35,87087786
TSLA,2022-09-19,300.09,309.84,297.8,309.07,309.07,60231156
TSLA,2022-09-20,306.91,313.33,305.58,308.73,308.73,61642783
TSLA,2022-09-21,308.29,313.8,300.63,300.8,300.8,62555656
TSLA,2022-09-22,299.86,301.29,285.82,288.59,288.59,70107683
TSLA,2022-09-23,283.09,284.5,272.82,275.33,275.33,63748362
TSLA,2022-09-26,271.83,284.09,270.31,276.01,276.01,58076913
TSLA,2022-09-27,283.84,288.67,277.51,282.94,282.94,61925185
TSLA,2022-09-28,283.08,289.0,277.57,287.81,287.81,54664809
TSLA,2022-09-29,282.76,283.65,265.78,268.21,268.21,77620642
TSLA,2022-09-30,266.145,275.57,262.47,265.25,265.25,67726598
TSLA,2022-10-03,254.5,255.16,241.01,242.4,242.4,98363541
TSLA,2022-10-04,250.52,257.5,242.01,249.44,249.44,109578535
TSLA,2022-10-05,245.01,246.6697,233.27,240.81,240.81,86982673
TSLA,2022-10-06,239.44,244.58,235.35,238.13,238.13,69298437
TSLA,2022-10-07,233.935,234.5715,222.02,223.07,223.07,83916800
TSLA,2022-10-10,223.93,226.99,218.3582,222.96,222.96,67925018
TSLA,2022-10-11,220.945,225.75,215.0,216.5,216.5,77013202
TSLA,2022-10-12,215.33,219.2999,211.51,217.24,217.24,66860699
TSLA,2022-10-13,208.3,222.99,206.22,221.72,221.72,91483045
TSLA,2022-10-14,224.01,226.26,204.16,204.99,204.99,94124511
TSLA,2022-10-17,210.04,221.86,209.45,219.35,219.35,79428810
TSLA,2022-10-18,229.5,229.82,217.25,220.19,220.19,75891905
TSLA,2022-10-19,219.8,222.93,217.78,222.04,222.04,66571479
TSLA,2022-10-20,208.28,215.55,202.0,207.28,207.28,117798062
TSLA,2022-10-21,206.415,214.66,203.8,214.44,214.44,75713754
TSLA,2022-10-24,205.82,213.5,198.5863,211.25,211.25,100446765
TSLA,2022-10-25,210.1,224.3498,210.0,222.415,222.415,96507870
TSLA,2022-10-26,219.4,230.6,218.2,224.64,224.64,85327078
TSLA,2022-10-27,229.77,233.81,222.85,225.09,225.09,61638824
TSLA,2022-10-28,225.4,228.86,216.35,228.52,228.52,69152386
TSLA,2022-10-31,226.19,229.85,221.94,227.54,227.54,61554341
TSLA,2022-11-01,234.05,237.3951,227.28,227.82,227.82,62688822
TSLA,2022-11-02,226.04,227.8699,214.82,214.98,214.98,63070293
TSLA,2022-11-03,211.36,221.2,210.14,215.31,215.31,56538848
TSLA,2022-11-04,222.6,223.8,203.08,207.47,207.47,98622212
TSLA,2022-11-07,208.65,208.9,196.66,197.08,197.08,93916520
TSLA,2022-11-08,194.02,195.2,186.75,191.3,191.3,128803404
TSLA,2022-11-09,190.775,195.89,177.12,177.59,177.59,127062659
TSLA,2022-11-10,189.9,191.0,180.03,190.72,190.72,132703015
TSLA,2022-11-11,186.0,196.52,182.59,195.97,195.97,114403575
TSLA,2022-11-14,192.77,195.73,186.34,190.95,190.95,92226649
TSLA,2022-11-15,195.88,200.8237,192.06,194.42,194.42,91293785
TSLA,2022-11-16,191.51,192.57,185.66,186.92,186.92,66567599
TSLA,2022-11-17,183.96,186.16,180.9,183.17,183.17,64335970
TSLA,2022-11-18,185.05,185.19,176.55,180.19,180.19,76048866
TSLA,2022-11-21,175.85,176.77,167.54,167.87,167.87,92882712
TSLA,2022-11-22,168.63,170.92,166.185,169.91,169.91,78452327
TSLA,2022-11-23,173.57,183.62,172.5,183.2,183.2,109536709
TSLA,2022-11-25,185.06,185.2,180.63,182.86,182.86,50672739
TSLA,2022-11-28,179.96,188.5,179.0,182.92,182.92,93038148
TSLA,2022-11-29,184.99,186.38,178.75,180.83,180.83,83357111
TSLA,2022-11-30,182.43,194.76,180.6301,194.7,194.7,109186404
TSLA,2022-12-01,197.08,198.92,191.8,194.7,194.7,80046213
TSLA,2022-12-02,191.78,196.25,191.11,194.86,194.86,73645922
TSLA,2022-12-05,189.44,191.27,180.55,182.45,182.45,93122667
TSLA,2022-12-06,181.215,183.65,175.33,179.82,179.82,92150823
TSLA,2022-12-07,175.03,179.38,172.218,174.04,174.04,84213284
TSLA,2022-12-08,172.2,175.2,169.06,173.44,173.44,97624491
TSLA,2022-12-09,173.84,182.5,173.36,179.05,179.05,104872336
TSLA,2022-12-12,176.1,177.37,167.52,167.82,167.82,109794471
TSLA,2022-12-13,174.87,175.05,156.91,160.95,160.95,175862722
TSLA,2022-12-14,159.25,161.62,155.31,156.8,156.8,140682338
TSLA,2022-12-15,153.44,160.9299,153.28,157.67,157.67,122334459
TSLA,2022-12-16,159.635,160.99,150.04,150.23,150.23,139032175
TSLA,2022-12-19,154.0,155.25,145.82,149.87,149.87,139390634
TSLA,2022-12-20,146.05,148.47,137.66,137.8,137.8,159563267
TSLA,2022-12-21,139.335,141.26,135.89,137.57,137.57,145417412
TSLA,2022-12-22,136.0,136.63,122.26,125.35,125.35,210090250
TSLA,2022-12-23,126.37,128.6173,121.02,123.15,123.15,166989688
TSLA,2022-12-27,117.495,119.67,108.76,109.1,109.1,208643444
TSLA,2022-12-28,110.35,116.27,108.24,112.71,112.71,221070537
TSLA,2022-12-29,120.385,123.57,117.495,121.82,121.82,221923313
TSLA,2022-12-30,119.95,124.48,119.75,123.18,123.18,157777339
TSLA,2023-01-03,118.47,118.8,104.64,108.1,108.1,231402818
TSLA,2023-01-04,109.11,114.59,107.52,113.64,113.64,180388976
TSLA,2023-01-05,110.51,111.75,107.1601,110.34,110.34,157986324
TSLA,2023-01-06,103.0,114.39,101.81,113.06,113.06,220911051
TSLA,2023-01-09,118.96,123.52,117.11,119.77,119.77,190283951
TSLA,2023-01-10,121.07,122.76,114.92,118.85,118.85,167642485
TSLA,2023-01-11,122.09,125.95,120.51,123.22,123.22,183810771
TSLA,2023-01-12,122.56,124.1311,117.0,123.56,123.56,169400913
TSLA,2023-01-13,116.55,122.63,115.6,122.4,122.4,180714119
TSLA,2023-01-17,125.695,131.7,125.02,131.49,131.49,186476985
TSLA,2023-01-18,136.555,136.68,127.01,128.78,128.78,195680318
TSLA,2023-01-19,127.26,129.99,124.3082,127.17,127.17,170291880
TSLA,2023-01-20,128.68,133.51,127.3466,133.42,133.42,138858136
